cod_fundo;nome;classe;situaçao;inicio;atualização
191; BRADESCO H FC FIA ACUMULACAO;ações; A; 1967-07-03; 2019-06-13T11
231; BRADESCO PRIME FIC DE FIA ACTIVE;ações; A; 1980-01-01; 2019-06-13T11
612; BB ACOES IBRX INDEXADO FC FI;ações; A; 1980-01-01; 2019-06-17T17
779; ITAU PERSONNALITE ACOES IBRX ATIVO FICFI;ações; A; 1980-01-01; 2019-06-13T12
981; BRADESCO PRIME FIC DE FIA INDEX;ações; A; 1980-01-01; 2019-06-13T11
1082; FIC FIA BRB ACOES 500;ações; A; 1980-01-01; 2019-07-17T16
1643; ELITE FUNDO DE INVESTIMENTO EM ACOES;ações; A; 1980-01-01; 2020-02-07T18
1856; SANTANDER FC FI ACOES;ações; A; 1980-01-01; 2020-05-29T16
1988; ITAU ACOES IBRX ATIVO FICFI;ações; A; 1980-01-01; 2019-06-13T12
1996; ITAU MONEY MARKET RENDA FIXA FICFI; Renda Fixa; A; 1980-01-01; 2015-10-02T21
2135; MB FUNDO DE INVESTIMENTO EM ACOES;ações; A; 1980-01-01; 2020-03-11T00
2224; BRADESCO H FIA IBOVESPA;ações; A; 1980-01-01; 2020-06-02T16
2331; ITAU ACOES BLUE FICFI;ações; A; 1980-01-01; 2019-07-05T17
5002; BRADESCO FIC DE FI REF DI SPECIAL; Renda Fixa; A; 1990-08-17; 2016-12-09T15
5193; IP PARTICIPACOES FC FI ACOES BDR NIVEL I;ações; A; 1990-07-03; 2019-11-05T16
6211; BNB SELECAO FI ACOES;ações; A; 1991-06-05; 2019-09-16T16
6939; SANTANDER FC FI EXTRA PLUS RF REF DI; Renda Fixa; A; 1992-01-02; 2020-08-11T10
7412; ITAU ACOES IBOVESPA ATIVO FC;ações; A; 1992-07-07; 2019-06-13T11
7420; ITAU ACOES INDEX IBOV FICFI;ações; A; 1992-07-07; 2019-06-13T11
7439; WA ACOES IBOV ATIVO SILVER FICFI;ações; A; 1992-07-21; 2019-06-07T18
7552; CSHG DI FC FI RF REF; Renda Fixa; A; 1992-09-09; 2019-10-28T16
7560; BB RENDA FIXA LP AUTOMATICO FC FI; Renda Fixa; A; 1992-08-17; 2020-05-13T16
8079; ITAUVEST PRIVATE RENDA FIXA REF DI FC; Renda Fixa; A; 1992-09-30; 2018-04-06T16
8680; MAXI DI IB RF REF DI FICFI; Renda Fixa; A; 1992-09-30; 2019-07-08T12
8771; CAIXA FIC IDEAL RF LONGO PRAZO; Renda Fixa; A; 1992-10-28; 2018-09-20T16
10065; BRAM H FI MULT CRED PRIV MULTI; Multimercados; A; 1993-08-18; 2017-11-29T17
10431; DYNAMO COUGAR FIA;ações; A; 1993-09-01; 2019-07-09T15
10774; BANPARA TRADICIONAL FIC FI MULT; Multimercados; A; 1993-09-01; 2018-11-22T17
11320; BB ACOES IBOVESPA INDEXADO FC FI;ações; A; 1993-12-21; 2019-06-25T17
12866; CAIXA FIC EMPREENDER RF LONGO PRAZO; Renda Fixa; A; 1994-05-27; 2018-09-18T15
12882; BRADESCO FIA SUPER ACAO;ações; A; 1994-04-07; 2019-06-13T11
13730; BRADESCO FIC DE FIA IBOVESPA INDEXADO;ações; A; 1994-03-01; 2020-04-08T16
13978; ITAU PRIVATE ATIVO ACOES FICFI;ações; A; 1994-04-04; 2019-06-13T11
14451; SAFRA EXEC FC FI RF; Renda Fixa; A; 1994-09-30; 2019-03-13T17
14524; SANTANDER FIC FI CENTRUM MIX RF VAN GOGH; Renda Fixa; A; 1994-10-06; 2017-09-27T10
14631; BRADESCO H FC FI RF CRED PRIV LP TIPO; Renda Fixa; A; 1994-11-08; 2018-05-11T10
14761; BRAD FI RF DIVIDA EXTERNA CRED SOBERANO; Renda Fixa; A; 1994-10-04; 2020-01-07T16
15301; BB RF DIVIDA EXTERNA MIL FI; Renda Fixa; A; 1995-01-06; 2016-11-10T15
15741; BRADESCO PRIVATE FIA IBOVESPA ALAVANCADO;ações; A; 1995-03-23; 2019-06-13T11
15849; CAMBIAL DOLAR FICFI; Cambial; A; 1995-04-11; 2019-07-02T17
16020; BRADESCO FIA MULTI SETORIAL;ações; A; 1994-09-19; 2019-06-13T11
16179; NIC YIELD FIC DE FIM; Multimercados; A; 1995-05-22; 2020-06-26T16
16306; MB MASTER REF DI LP FIF; Renda Fixa; A; 1995-06-01; 2016-05-09T10
16713; ITAU ACOES STRATEGY FICFI;ações; A; 1994-02-01; 2019-07-05T17
17280; BRADESCO FIC DE FI RF VENUS; Renda Fixa; A; 1995-10-02; 2020-04-23T16
17388; BANRISUL VIP FI RF LP; Renda Fixa; A; 1995-08-03; 2020-01-09T18
17582; BRADESCO FIC DE FI REF DI FEDERAL; Renda Fixa; A; 1995-10-02; 2016-12-09T15
17736; SANTANDER FC FI MIX RENDA FIXA; Renda Fixa; A; 1995-10-02; 2019-11-01T13
17760; SANTANDER FC FI EXTRA RF REF DI; Renda Fixa; A; 1995-10-02; 2019-10-03T16
17949; WA ALPHA CREDIT RF FI CREDITO PRIVADO; Renda Fixa; A; 1995-10-02; 2020-09-04T11
17957; WESTERN ASSET DI REFERENCIADO FI; Renda Fixa; A; 1995-10-02; 2018-08-02T17
17973; WESTERN ASSET HEDGE DOLAR FI CAMBIAL; Cambial; A; 1995-10-02; 2019-10-30T15
18023; WA RF ATIVO SILVER FICFI RENDA FIXA; Renda Fixa; A; 1995-10-02; 2019-02-04T16
18058; WA DI EXCELLENT FC RF REFERENCIADO; Renda Fixa; A; 1995-10-02; 2018-12-10T18
18066; WA DI PLUS FC FI RF REFERENCIADO; Renda Fixa; A; 1995-10-02; 2018-12-10T18
18074; WA DI SILVER FC FI RF REFERENCIADO; Renda Fixa; A; 1995-10-02; 2018-12-10T18
18082; WA CAMBIO DOLAR PRIME FC FI CAMBIAL; Cambial; A; 1995-10-02; 2018-12-14T09
18090; WA CAMBIO DOLAR SILVER FC FI CAMBIAL; Cambial; A; 1995-10-02; 2018-12-14T09
18333; ITAU RENDA FIXA FI; Renda Fixa; A; 1995-10-02; 2015-10-02T21
18783; ITAU RENDA FIXA PLUS FICFI; Renda Fixa; A; 1995-10-02; 2019-07-02T17
18902; BNB AUTOMATICO FI RF CP; Renda Fixa; A; 1995-10-02; 2020-03-05T18
19062; BRADESCO FIC FI MULTIM MULTIPERFORMANCE; Multimercados; A; 1995-10-02; 2018-07-03T13
19119; DAYCOVAL RENDA FIXA FI CRED PRIV; Renda Fixa; A; 1995-10-02; 2019-06-06T19
19331; CAIXA FIC BETA RF REF DI LP; Renda Fixa; A; 1995-10-02; 2020-08-12T13
19402; BB NC RF REF DI LP PRINCIPAL FC FI; Renda Fixa; A; 1995-10-02; 2017-10-09T18
19763; SANTANDER FC FI FUNDACOES RENDA FIXA; Renda Fixa; A; 1995-10-02; 2020-05-04T16
19917; GOLDEN DI  RF REFERENCIADO DI FICFI; Renda Fixa; A; 1995-10-02; 2019-07-02T17
20028; ITAU PRIVATE RF REF DI EXCLUSIVE FICFI; Renda Fixa; A; 1995-10-02; 2018-04-25T15
20052; ITAU EMPRESA RF REFERENCIADO DI FICFI; Renda Fixa; A; 1995-10-02; 2016-12-22T09
20060; ITAU CORP RF REFERENCIADO DI FICFI; Renda Fixa; A; 1995-10-02; 2016-02-15T13
20125; BB RF REF DI AGIL FC; Renda Fixa; A; 1995-08-07; 2019-10-31T16
20151; BB RENDA FIXA REF DI LP 30 MIL FC; Renda Fixa; E; 1995-08-23; 2019-12-09T15
20192; BANESTES INVEST MONEY FI RF; Renda Fixa; A; 1995-10-02; 2019-07-31T17
20311; ITAU FRANCES RENDA FIXA FI; Renda Fixa; A; 1995-10-02; 2017-05-11T12
20389; ITAU RF REFERENCIADO DI FICFI; Renda Fixa; A; 1995-10-02; 2018-10-17T15
20397; ITAU PERSONNALITE RF REFER DI PLUS FICFI; Renda Fixa; A; 1995-10-02; 2016-02-16T19
20400; ITAU PERSONNALITE RENDA FIXA FICFI; Renda Fixa; A; 1995-10-02; 2018-07-10T11
20419; ITAU PERSONNALITE PLUS RF FICFI; Renda Fixa; A; 1995-10-02; 2016-12-22T09
20435; ITAU INSTITUCIONAL RF REFERENCIADO DI FI; Renda Fixa; A; 1995-10-02; 2019-05-27T17
20451; ITAU BBA RENDA FIXA FICFI; Renda Fixa; A; 1995-10-02; 2020-03-25T16
20583; FATOR MAX CORPORATIVO FI RF LP CRED PRIV; Renda Fixa; A; 1995-10-06; 2018-08-16T12
20699; ITAU MULTIMERCADO MULTIMANAGER FICFI; Multimercados; A; 1995-10-02; 2019-07-02T17
21369; CSHG DI FI  RF CURTO PRAZO; Renda Fixa; A; 1995-10-02; 2019-01-09T16
21458; ITAU ADVANTAGE RF REFER DI FICFI; Renda Fixa; A; 1995-10-02; 2019-07-02T17
21571; ITAU B RF REFERENCIADO DI FICFI; Renda Fixa; A; 1995-10-02; 2016-07-27T09
21636; BB ACOES IBOVESPA ATIVO FICFI;ações; A; 1995-10-02; 2019-12-05T16
21776; PAULISTA FI RENDA FIXA; Renda Fixa; A; 1995-10-17; 2019-02-14T16
22322; ITAU B CAMBIAL FC; Cambial; A; 1995-10-30; 2020-07-08T16
22357; ITAU INSTITUCIONAL RF REFER DI FICFI; Renda Fixa; A; 1995-11-16; 2019-07-02T17
22500; CSHG TOP FC FI MULT; Multimercados; A; 1995-10-05; 2018-07-26T12
22780; BTG PACTUAL HEDGE FI MULTIMERCADO; Multimercados; A; 1995-10-31; 2020-06-03T16
22950; BRADESCO FI RF EMPRESA; Renda Fixa; A; 1995-12-13; 2018-05-09T17
23078; ITAU PRIVATE SPECIAL MULTI CRED PRIV FI; Multimercados; A; 1995-11-08; 2015-10-03T13
23140; ITAU INSTITUC MULT JUROS E MOEDAS FC; Multimercados; A; 1995-12-26; 2019-07-03T10
23183; BRADESCO FIC DE FI RF SOMA; Renda Fixa; A; 1995-12-28; 2020-04-23T16
23434; BRADESCO H FI RF REF DI LP; Renda Fixa; A; 1995-12-28; 2017-11-28T18
24041; WA MULTIRENDA 20 FICFI MULT; Multimercados; A; 1996-03-05; 2018-12-14T09
24058; WA MULTIRENDA 10 FICFI MULTI; Multimercados; A; 1996-03-01; 2018-12-14T09
24813; FAMA FC FI DE ACOES;ações; A; 1980-01-01; 2019-06-10T17
25127; SMALL CAP VALUATION FC ACOES;ações; A; 1996-03-12; 2020-03-10T10
25232; CONCORDIA EXTRA FI RF CREDITO PRIVADO; Renda Fixa; A; 1996-04-01; 2016-08-26T10
25828; ITAU EMPRESA TRUST RF REFER DI FICFI; Renda Fixa; A; 1996-04-23; 2016-03-09T09
26255; ITAU INDICE ACOES IBOVESPA FICFI;ações; A; 1996-05-28; 2019-06-13T14
26311; OPPORTUNITY LOGICA II FIC FIA;ações; A; 1985-04-19; 2020-03-19T16
26352; BRADESCO FIC DE FI RF SATURNO; Renda Fixa; A; 1996-05-22; 2018-04-09T19
26530; SANTANDER FC PRIORITY RF REF DI; Renda Fixa; A; 1995-11-01; 2018-06-28T17
26719; BRADESCO H FC FI RF LP PLUS; Renda Fixa; A; 1996-06-11; 2020-06-24T17
26891; ITAU PRIVATE RENDA FIXA EXCELLENCE FICFI; Renda Fixa; A; 1996-06-27; 2020-04-08T16
27456; BRADESCO FIC DE FI CAMBIAL DOLAR; Cambial; A; 1996-07-19; 2016-12-09T15
27766; BANRISUL AUTOMATICO FI RF CURTO PRAZO; Renda Fixa; A; 1996-08-14; 2020-05-14T16
28843; TOP RENDA FIXA MIX CREDITO PRIV LP FICFI; Renda Fixa; A; 1996-08-19; 2020-03-31T16
28878; TOP RENDA MISTA CORP RF CRED PRIV LP FIC; Renda Fixa; A; 1996-08-19; 2020-04-08T16
32425; CAIXA FI MASTER PERSONALIZADO 50 RF LP; Renda Fixa; A; 1996-09-02; 2018-10-01T18
32433; CAIXA FIC EXECUTIVO RF LONGO PRAZO; Renda Fixa; A; 1996-09-02; 2020-03-02T16
34355; BB MULT LP MACRO  200 FC FI; Multimercados; A; 1996-09-27; 2018-05-02T16
38873; WA DI GOLD FC FI RF REFERENCIADO; Renda Fixa; A; 1996-11-14; 2018-12-10T18
39268; BRADESCO FI MULTIMERCADO DYNAMIC; Multimercados; E; 1996-11-26; 2020-01-30T16
39276; ITAU VERSO W RF FICFI; Renda Fixa; A; 1996-12-06; 2019-10-15T17
39551; BRAD FIC FI MULTI GOLDEN PROFIT CONS; Multimercados; A; 1996-11-28; 2018-01-10T11
39772; BANESTES VIP DI FIC RF REF DI; Renda Fixa; A; 1996-12-16; 2019-09-24T15
39829; BRAM H FI ACOES INSTITUCIONAL;ações; A; 1996-12-16; 2019-06-13T11
39888; BRADESCO H FI RF CRED PRIV LP ATIVO; Renda Fixa; A; 1996-12-16; 2017-11-28T18
39934; TOP RENDA FIXA MIX CREDITO PRIVADO LP FI; Renda Fixa; A; 1996-08-19; 2018-12-10T16
40169; CSHG TOP ACOES FC FI ACOES;ações; A; 1997-01-02; 2019-07-08T18
40177; CSHG VERDE FIC FI MULT; Multimercados; A; 1997-01-02; 2020-03-26T16
40274; SPECIAL RF REFERENCIADO DI FI; Renda Fixa; A; 1996-12-30; 2019-01-09T15
40290; ITAU RENDA FIXA FLOOR FI; Renda Fixa; A; 1996-12-30; 2017-05-03T15
40584; SANTANDER FI PROFIT REFERENCIADO DI; Renda Fixa; A; 1997-01-07; 2020-03-05T18
40886; FICFI VOYAGER DI RF REFER DI EXCLUSIVO; Renda Fixa; A; 1997-01-15; 2016-12-27T16
41025; CAIXA FIC ACOES IBOVESPA;ações; A; 1997-01-15; 2019-06-05T18
41076; BB TOP RF MODERADO FI RF REF DI LP; Renda Fixa; A; 1997-01-02; 2019-10-22T16
41173; COINVALORES FIA;ações; A; 1996-12-26; 2019-06-28T17
41297; ITAU PRIVATE CONSERVADOR FICFI RF; Renda Fixa; A; 1997-01-22; 2019-07-02T17
41637; WA DI DAILY FC FI RF REFERENCIADO; Renda Fixa; A; 1997-01-23; 2018-12-10T18
41653; ITAU PERSONNALIT PREMIO RF REF DI FICFI; Renda Fixa; A; 1997-01-23; 2019-07-02T17
42013; BORSEN RENDA FIXA CRED PRIV FI; Renda Fixa; A; 1997-01-22; 2019-05-09T17
42218; GUIDE BRASIL PLURAL HIGH YIELD FC FI RF; Renda Fixa; A; 1997-01-02; 2019-11-26T16
42366; BB NC RENDA FIXA LP 100 FIC FI; Renda Fixa; A; 1996-09-06; 2016-08-05T19
42625; BB CARTEIRA ATIVA FIA;ações; A; 1997-01-10; 2018-10-11T17
42651; OPPORTUNITY MARKET FC FI MULTIMERCADO; Multimercados; A; 1996-06-14; 2020-04-03T16
43151; WA MULTIRENDA 30 FICFI MULTI; Multimercados; A; 1997-03-10; 2018-12-14T09
43206; BRAM FI RF; Renda Fixa; A; 1996-10-08; 2017-03-28T16
43885; BRAD H FI RF REF DI LP TITULOS PUBLICOS; Renda Fixa; A; 1997-04-01; 2018-06-12T09
43923; PROSPERO FIA;ações; A; 1997-04-01; 2020-08-07T17
44253; PAVA FI ACOES;ações; A; 1997-04-08; 2020-04-28T16
44776; BRADESCO FIC DE FI MULTIMERCADO MAIS; Multimercados; A; 1997-04-14; 2018-07-03T13
45012; BRADESCO FIC DE FI RF MERCURIO; Renda Fixa; A; 1997-05-16; 2020-06-09T16
45081; COMPOSITE ACOES FIA;ações; A; 1997-04-30; 2019-08-21T17
45594; BANRISUL MASTER FI RF REFERENCIADO DI LP; Renda Fixa; A; 1997-05-16; 2020-01-09T18
45608; BRADESCO FIC DE FI RF MACRO; Renda Fixa; A; 1997-06-06; 2017-01-24T17
46000; BRADESCO FI MULTIMERCADO PLUS; Multimercados; A; 1997-01-22; 2017-12-07T16
46094; BRAD FIC FI MULTI GOLDEN PROFIT DIN; Multimercados; A; 1997-07-01; 2018-01-10T11
46124; GERACAO FIA;ações; A; 1997-06-18; 2020-05-05T16
46256; BRADESCO FC  FI RF CURTO PRAZO VERSATIL; Renda Fixa; A; 1997-07-10; 2020-06-02T16
46345; WA IBOVESPA ATIVO FIA;ações; A; 1997-07-07; 2019-06-10T17
46787; BRADESCO FI MULTIMERCADO PRINC PROTEGIDO; Multimercados; A; 1997-08-15; 2017-10-25T18
47228; ITAU CAMBIAL FICFI; Cambial; A; 1997-08-25; 2015-10-02T21
47368; BTG PACTUAL DOLAR FI CAMBIAL; Cambial; A; 1997-08-21; 2020-06-03T16
47902; BRADESCO FC DE FI RF REF DI; Renda Fixa; A; 1997-06-24; 2019-11-19T16
48550; BANRISUL INDICE FI ACOES;ações; A; 1997-10-01; 2017-08-02T12
48577; SAFRA SETORIAL BANCOS FC FIA;ações; A; 1997-10-01; 2020-01-02T15
48585; ITAU BASIS OPEN RF REFER DI FICFI; Renda Fixa; A; 1997-09-15; 2016-11-30T17
49311; SAFRA MULTIDIVIDENDOS PB FC FIA;ações; A; 1997-10-01; 2019-06-10T17
49336; SAFRA PRIVATE FI ACOES;ações; A; 1997-10-01; 2019-06-10T17
49581; ITAU K2 MULTIMERCADO FI; Multimercados; A; 1997-10-21; 2019-01-10T15
49859; ITAU PERSONNALITE CAMBIAL DOLAR FICFI; Cambial; A; 1997-11-17; 2018-11-21T16
50369; BB RF REF DI LP PLUS FC; Renda Fixa; A; 1997-11-20; 2020-02-11T17
50563; SANTANDER FC FI INSTITUCIONAL RF REF DI; Renda Fixa; A; 1997-11-27; 2020-01-28T16
50571; SANTANDER FI REFER DI CREDITO PRIVADO; Renda Fixa; A; 1997-11-27; 2016-12-26T09
50687; NIC FIC DI REF CRED PRIV LP; Renda Fixa; A; 1997-11-19; 2020-09-11T11
50891; SANTANDER FC YIELD VIP RF REF DICREDPRIV; Renda Fixa; A; 1997-11-27; 2016-07-27T14
51136; FUNDO FATOR  SINERGIA RENDA FIXA; Renda Fixa; A; 1997-12-15; 2020-06-02T16
51330; WA BALANCEADO MULTIMERCADO FI; Multimercados; A; 1998-01-23; 2018-07-09T14
52213; BB ACOES ENERGIA FI;ações; A; 1997-10-15; 2019-07-01T18
52388; ITAU RF REFERENCIADO DI FI; Renda Fixa; A; 1998-02-12; 2017-03-15T16
52485; BB TOP DI RF REFERENCIADO DI LP FI; Renda Fixa; A; 1997-11-20; 2018-07-16T11
52744; ITAU LION RF REF DI FICFI; Renda Fixa; A; 1997-12-30; 2016-04-05T10
52965; WA DI MASTER FC FI RF REFERENCIADO; Renda Fixa; A; 1998-03-17; 2018-12-10T18
53872; SANTANDER FIC FI SELECAO TOP ACOES;ações; A; 1998-04-03; 2019-06-13T15
54321; BRADESCO FIC DE FIA IBOVESPA ATIVO;ações; A; 1998-01-06; 2019-06-13T11
54331; BRAD FC FI MULTI ALOCACAO MODERADA; Multimercados; A; 1997-07-08; 2019-09-04T17
54364; SANTANDER FC FI SUPREMO RF REF DI; Renda Fixa; A; 1998-04-02; 2019-10-17T17
54755; CORPORATE FI CAMBIAL DOLAR HEDGE PLUS; Cambial; A; 1997-11-19; 2018-04-19T18
55451; BANRISUL SUPER FI RF; Renda Fixa; A; 1998-05-11; 2020-05-14T16
55646; BRADESCO FAPI RF PLUS; PrevidÃªncia; A; 1997-12-29; 2019-11-01T19
55700; ITAU FAPI RF; PrevidÃªncia; A; 1997-11-27; 2019-11-01T18
55719; BRADESCO FAPI FIX; PrevidÃªncia; A; 1997-12-23; 2019-11-01T18
55840; SANTANDER FI IBOVESPA ATIVO INSTIT ACOES;ações; A; 1997-03-24; 2020-03-05T18
56243; PREMIUM RF REFERENCIADO DI FICFI; Renda Fixa; A; 1998-06-02; 2015-12-08T10
56340; SANTANDER FC FI SENIOR RF REF DI; Renda Fixa; A; 1998-06-18; 2020-06-25T16
56421; SANTANDER FC FI CAMBIAL; Cambial; A; 1998-06-18; 2020-04-20T16
56448; BNP PARIBAS RF FI RENDA FIXA; Renda Fixa; A; 1998-06-25; 2019-07-05T15
56553; BRADESCO FIC DE FIA III;ações; E; 1998-06-01; 2020-04-30T16
56693; SUPER PREMIUM RF REFERENCIADO DI FICFI; Renda Fixa; A; 1998-06-24; 2016-02-16T19
57029; CAIXA FIC PERSONAL RF LONGO PRAZO; Renda Fixa; A; 1998-07-01; 2020-03-02T16
57177; CSHG FI CAMBIAL; Cambial; A; 1998-07-02; 2020-01-06T16
57916; ITAU PRIVATE SELECT ACOES FICFI;ações; A; 1996-12-13; 2019-06-13T14
58092; PRIVATE IZA MULTIMERCADO FICFI; Multimercados; A; 1997-10-01; 2020-04-07T16
58580; BAHIA AM FUNDO DE INVESTIMENTO CAMBIAL; Cambial; A; 1997-10-30; 2018-05-08T09
58874; ITAU CAMBIAL DOLAR FICFI; Cambial; A; 1998-09-14; 2018-05-10T18
58882; ITAU EXCHANGE CAMBIAL FI; Cambial; A; 1998-09-14; 2017-06-07T16
58890; ITAUPREV ANNUITY V30 MULT FICFI; PrevidÃªncia; A; 1998-08-17; 2019-11-01T17
58904; ITAUPREV ANNUITY V5 MULT FICFI; PrevidÃªncia; A; 1998-09-15; 2019-11-01T17
58912; ITAUPREV ANNUITY RF F100 FC; PrevidÃªncia; A; 1998-09-15; 2020-08-12T13
58920; ITAUPREV ANNUITY V15 MULT FICFI; PrevidÃªncia; A; 1998-08-25; 2019-11-01T15
59145; BB MAXI FI RF LP; Renda Fixa; A; 1998-09-21; 2019-01-10T15
59374; ALFA ORBIS DI FI RF REFERENCIADO LP; Renda Fixa; A; 1998-01-02; 2019-06-18T17
59447; ALFA MIX FI RENDA FIXA LP; Renda Fixa; A; 1998-01-02; 2019-06-24T17
59773; AAA ALLOCATION FIC FI MULTIMERCADO; Multimercados; A; 1996-11-29; 2018-04-27T11
59919; BRADESCO H FI CAMBIAL LP DOLAR; Cambial; A; 1998-10-16; 2018-02-06T18
59951; FAPI CAPITAL PRESERVATION IB; PrevidÃªncia; A; 1998-08-11; 2019-11-01T18
59961; FAPI AGGRESSIVE IB; PrevidÃªncia; A; 1998-08-21; 2019-11-01T16
59978; FAPI CONSERVATIVE IB; PrevidÃªncia; A; 1998-08-12; 2019-11-01T16
59986; FAPI BALANCED IB; PrevidÃªncia; A; 1998-08-27; 2019-11-01T17
60143; SANTANDER FC MASTER RF REF DI; Renda Fixa; A; 1998-09-24; 2020-01-29T16
60151; SANTANDER RF REF DI FI; Renda Fixa; A; 1998-09-24; 2020-05-06T16
60534; TARGET D FI MULT CRED PRIV; Multimercados; A; 1998-11-18; 2019-07-02T17
60674; BRADESCO PRIME FIC DE FIA SMALL CAP;ações; A; 1998-10-29; 2019-06-13T11
60860; BB TOP DOLAR FI CAMBIAL LP; Cambial; A; 1998-11-13; 2019-05-09T17
60933; BRADESCO FC FI MULT PGBL/VGBL FUTURE COM; PrevidÃªncia; A; 1998-10-21; 2019-11-01T18
60941; BRADESCO H FI RF PGBL/VGBL FUTURE; PrevidÃªncia; A; 1998-10-29; 2019-11-01T19
61204; SAFRA PREVFIX FICFI RENDA FIXA PREV; PrevidÃªncia; A; 1998-12-01; 2019-10-31T18
61311; FRANKLIN VAL E LIQ FVL FC DE FI DE ACOES;ações; A; 1998-12-23; 2019-06-06T15
61344; BRAD FC FI MULT PGBL/VGBL FUT COMP III; PrevidÃªncia; A; 1998-12-29; 2019-11-01T15
61395; ITAU ACOES DIVIDENDOS FI;ações; A; 1999-01-07; 2019-06-13T14
61417; ITAU DI CORPORATE FICFI RF REFERENCIADO; Renda Fixa; A; 1998-12-29; 2019-07-02T17
61484; ICATU SEG MODERADO C FIC FI RENDA FIXA; PrevidÃªncia; A; 1998-12-18; 2019-12-10T16
61492; ICATU SEG MODERADO B FIC FI RENDA FIXA; PrevidÃªncia; A; 1998-12-24; 2019-12-06T19
61506; ICATU SEG COMPOSTO 10C FC DE FI MULT; PrevidÃªncia; A; 1998-12-18; 2019-11-01T16
61514; ICATU SEG COMPOSTO 49C FC DE FI MULT; PrevidÃªncia; A; 1998-12-18; 2019-11-01T17
61522; ICATU SEG COMPOSTO 20C FC DE FI MULTI; PrevidÃªncia; A; 1998-12-18; 2019-11-01T17
62324; SANTANDER FC FI TOP CAMBIAL; Cambial; A; 1998-12-14; 2020-05-12T19
62553; ICATU SEG COMPOSTO 20B FC DE FI MULT; PrevidÃªncia; A; 1999-01-08; 2019-11-01T19
62812; CA INDOS DI PREMIERE FC FI RF REF DI LP; Renda Fixa; A; 1998-12-02; 2020-06-08T16
62936; BB RENDA FIXA MASTER SETOR PUBLICO FC FI; Renda Fixa; A; 1998-05-18; 2018-04-25T15
63029; ITAU FLEXPREV CORPORATE II   FICFI RF; PrevidÃªncia; A; 1999-03-25; 2019-11-01T17
63185; BB CAMBIAL DOLAR LP MIL FC FI; Cambial; E; 1999-03-23; 2019-12-05T16
63290; SANTANDER PB JATOBA MULT CRED PRIV FI; Multimercados; A; 1999-03-23; 2020-06-04T17
63691; SANTANDER PERFORMANCE RF LP FC FI; Renda Fixa; A; 1999-04-09; 2020-01-10T16
64033; ITAU FLEX CORPORATE SOVEREIGN FICFI RF; PrevidÃªncia; A; 1999-04-12; 2019-11-01T17
64432; BRADESCO FI RF LONGO PRAZO YIELD; Renda Fixa; A; 1999-04-20; 2018-04-19T18
64637; BRADESCO FIC RF PREV FACIL PGBL FIX; PrevidÃªncia; A; 1999-05-10; 2019-11-01T17
64701; ICATU SEG COMPOSTO 10B FC FI MULT; PrevidÃªncia; A; 1999-05-04; 2019-11-01T17
64785; SANT FIC FI PREV FIX RF CREDITO PRIVADO; PrevidÃªncia; A; 1999-03-30; 2020-01-28T16
64793; SANT FC FI PREV MODERADO MULT CRED PRIV; PrevidÃªncia; A; 1999-03-30; 2020-01-31T16
65048; BRAM FI RF TARGET; Renda Fixa; A; 1999-05-12; 2017-02-22T17
65633; BB RF REF DI LP VIP ESTILO FC; Renda Fixa; E; 1999-06-11; 2019-12-11T00
65714; CA INDOSUEZ DI MASTER FI RF REF DI LP; Renda Fixa; A; 1998-12-02; 2020-06-09T16
65943; ITAU PREMIO RF REFERENCIADO DI FICFI; Renda Fixa; A; 1999-06-17; 2018-03-09T18
66249; CAIXA FIC CLASSICO RF LONGO PRAZO; Renda Fixa; A; 1999-06-17; 2018-09-19T15
66257; CAIXA FIC INVESTIDOR RF LONGO PRAZO; Renda Fixa; A; 1999-06-01; 2020-03-02T16
66311; ITAU CORP PLUS RF REFERENCIADO DI FICFI; Renda Fixa; A; 1999-06-11; 2016-11-07T09
66478; UNIVERSAL I FI MULT CRED PRIV INV NO EXT; Multimercados; A; 1999-06-23; 2019-07-02T17
66575; SANTANDER FC FI PB MODERADO MULTIMERCAD; Multimercados; A; 1999-02-10; 2020-02-05T12
66583; SANTANDER PB VII MULT CRED PRIV FI; Multimercados; A; 1996-12-06; 2020-06-04T17
66664; ITAU RF REFERENCIADO DI MAXIME FC FI; Renda Fixa; A; 1999-07-01; 2018-10-29T16
67229; ARX INCOME FC FIA;ações; A; 1999-07-01; 2020-08-24T16
67393; BNPP FC FI MAPFRE MAXI 20 MULT PREVI; PrevidÃªncia; A; 1999-07-30; 2019-11-01T15
67601; SANT FC FI CORPORATE RENDA FIXA REF DI; Renda Fixa; A; 1999-08-03; 2020-07-30T16
67660; BECMAXI - FI RF; Renda Fixa; A; 1995-09-27; 2017-03-08T17
67776; BRADESCO FI RF REF DI FEDERAL EXTRA; Renda Fixa; A; 1999-08-02; 2018-11-27T15
67784; BRADESCO FIC DE FI RF MARTE; Renda Fixa; A; 1999-08-02; 2017-03-27T17
67792; BRADESCO FIC DE FI REF DI FEDERAL PLUS; Renda Fixa; A; 1999-08-02; 2017-03-30T11
67938; SANTANDER FC FI CLASSIC RF REF DI; Renda Fixa; A; 1999-07-01; 2020-09-09T16
68101; TRADICAO Q FICFI MULTI CRED PRIV; Multimercados; A; 1999-08-12; 2019-07-02T17
68391; SULAMERICA PAJUCARA FICFI MULTIMERCADO; Multimercados; A; 1999-08-13; 2017-12-12T12
68411; ITAU PREMIO RENDA FIXA FICFI; Renda Fixa; A; 1999-08-02; 2018-03-09T18
68421; ITAU PREMIUM RF REFERENCIADO DI FICFI; Renda Fixa; A; 1999-08-02; 2016-03-09T09
68462; ITAU SUPER RENDA FIXA FICFI; Renda Fixa; A; 1999-08-02; 2015-10-02T21
68470; BRADESCO FI RF TARGET I; Renda Fixa; A; 1998-07-31; 2018-04-19T18
68497; ITAU RF REFERENCIADO DI SUPER FICFI; Renda Fixa; A; 1999-08-02; 2019-11-08T16
68535; BANESTES INVEST PUBLIC AUTOMATICO FI RF; Renda Fixa; A; 1999-08-02; 2020-05-29T16
68713; BRADESCO FIC RF PGBL F15; PrevidÃªncia; A; 1999-09-01; 2019-11-01T18
69361; SPEED PECULIO FI MULT PREVIDENCIARIO; Multimercados; A; 1999-04-19; 2020-04-29T16
69401; BB RENDA FIXA REFERENCIADO DI 500 FC; Renda Fixa; E; 1999-08-20; 2019-12-09T15
69450; ITAU INDEX ACOES IBOVESPA FI;ações; A; 1999-09-28; 2020-02-05T16
70130; ITAU FLEXPREV PLUS RENDA FIXA FICFI; PrevidÃªncia; A; 1998-12-07; 2019-11-01T16
70157; ITAU FLEXPREV I RF FC; PrevidÃªncia; A; 1999-08-11; 2020-08-12T13
70165; ITAU FLEXPREV SPECIAL II RF FICFI; PrevidÃªncia; A; 1998-12-23; 2019-11-01T16
70181; BB BESC RF REF DI INSTITUCIONAL FI; Renda Fixa; A; 1999-06-22; 2016-06-13T10
70203; SANTANDER FC FI DIVIDENDOS ACOES;ações; A; 1999-09-30; 2020-04-22T16
70459; ITAU PP TOP RF SIMPLES FICFI; Renda Fixa; A; 1999-10-13; 2017-08-09T16
70521; ICATU SEG COMPOSTO 49B FC DE FI MULT; PrevidÃªncia; A; 1999-10-19; 2019-11-01T17
70645; BRADESCO FIC MULTIMERCADO PGBL V40 30; PrevidÃªncia; A; 1999-10-05; 2019-11-01T18
70815; BTG PACTUAL DISCOVERY FI MULT; Multimercados; A; 1999-08-24; 2020-06-03T16
71072; SUL AMERICA SAP GRUPAL FI RENDA FIXA; Renda Fixa; A; 1999-11-03; 2018-08-09T17
71171; BRADESCO FI RF REFERENCIADO DI PREMIUM; Renda Fixa; A; 1999-10-05; 2018-05-10T20
71201; SANTANDER FC FI INTELIGENTE RF CP; Renda Fixa; A; 1999-11-08; 2019-10-03T16
71315; BRADESCO FIC MULTIMERCADO PGBL V30 30; PrevidÃªncia; A; 1999-11-05; 2019-11-01T18
71323; BRADESCO FIA INSTITUCIONAL IBRX ATIVO;ações; A; 1999-11-04; 2019-06-13T11
71668; BRADESCO FI MULTIMERCADO PLUS I; Multimercados; A; 1999-11-03; 2018-05-10T18
71757; BRADESCO FIA IBOVESPA PLUS;ações; A; 1999-10-25; 2019-06-13T11
71846; BB TOP RF ARROJADO FI RF LP; Renda Fixa; A; 1999-11-12; 2017-12-08T12
71870; ALFAPREV RF MODERADO FIC DE FI RF PREVID; PrevidÃªncia; A; 1999-11-01; 2019-11-01T15
71889; ALFAPREV MIX 25 FIC DE FI MULTI PREVID; PrevidÃªncia; A; 1999-11-01; 2019-11-01T15
71897; ALFAPREV MIX 49 FIC DE FI MULTI PREVID; PrevidÃªncia; A; 1999-11-01; 2019-11-01T15
71927; ITAU MULTIESTRATEGIA MULT FICFI; Multimercados; A; 1999-11-22; 2015-10-02T21
72176; BV DOLAR CAMBIAL FC FI; Cambial; A; 1999-09-06; 2020-06-01T16
72362; OPPORTUNITY VENEZA FC FI MULT IE; Multimercados; A; 1999-07-01; 2019-11-05T16
72486; ICATU VANGUARDA CAP SOBERANO FI RF; Renda Fixa; A; 1998-11-12; 2019-12-16T15
72605; FI RF Mapfre Master IGPM; Renda Fixa; A; 1999-12-22; 2019-05-10T17
72818; BRADESCO FC FI MULT PGBL AGRESSIVO; PrevidÃªncia; A; 1999-06-01; 2019-11-01T19
72834; BRADESCO H FI RF PGBL CONSERVADOR; PrevidÃªncia; A; 1999-06-01; 2019-11-01T18
72850; BRADESCO FC FI MULT PGBL MODERADO; PrevidÃªncia; A; 1999-06-21; 2019-11-01T15
73105; BB MILENIO 1 FI RENDA FIXA; Renda Fixa; A; 2000-01-06; 2017-08-09T16
73474; UNIBANCO PREVER IV RV 30 FICFI E C MULT; PrevidÃªncia; A; 1999-11-19; 2019-11-01T17
73490; ITAU FLEXPREV CORPORATE IV FICFI RF; PrevidÃªncia; A; 1999-12-27; 2019-11-01T17
73571; ITAU FLEXPREV CORPORATE RV15 FICFI MULT; PrevidÃªncia; A; 1999-12-27; 2019-11-01T17
73598; UNIBANCO PREVER IV FIX 100 FICFI E C RF; PrevidÃªncia; A; 1999-12-29; 2019-11-01T16
73652; JGP HEDGE FIC FI MULTIMERCADO; Multimercados; A; 1999-07-01; 2019-02-14T16
73725; SANTANDER FIC FI SL RENDA FIXA REF DI; Renda Fixa; A; 2000-01-31; 2018-01-02T15
73733; FICFI CLARENDON MULT IE; Multimercados; A; 1999-12-02; 2017-08-21T11
73741; PRIVATE 11 FIC FI MULTI CREDITO PRIVADO; Multimercados; A; 2000-01-24; 2019-07-02T17
73814; CAIXA FI MASTER IND PRECOS 50 RF LP; Renda Fixa; A; 1999-09-01; 2018-10-01T18
73857; BRADESCO FC FI MULT PGBL MODERADO II; PrevidÃªncia; A; 1999-04-20; 2019-11-01T18
73873; H3 COMPOSITE FIC FI MULTIMERCADO; Multimercados; A; 2000-01-31; 2019-08-19T17
74179; ITAU RF CRED PRIV LP CREDIT FIX FICFI; Renda Fixa; A; 2000-02-14; 2020-04-03T16
74195; ITAU CAPITAL INFLATION INDEX RF FIC FI; Renda Fixa; A; 2000-02-01; 2019-07-02T17
74284; AQUILA FI MULTIMERCADO; Multimercados; A; 2000-02-01; 2017-01-05T12
74365; UNIVERSAL P FIC FI MULTIMERCADO; Multimercados; A; 1999-12-31; 2019-07-02T17
74519; ITAUPREV MASTER V10 MULT FICFI; PrevidÃªncia; A; 1999-12-16; 2019-11-01T17
74527; ITAUPREV MASTER V40 MULT FICFI; PrevidÃªncia; A; 1999-12-20; 2019-11-01T17
74535; ITAUPREV MASTER RF F100 FICFI; PrevidÃªncia; A; 1999-12-20; 2019-11-01T16
74934; UNIBANCO PREVER I FIX 100 FICFI E C RF; PrevidÃªncia; A; 2000-03-13; 2019-11-01T17
75124; WESTERN ASSET RENDA FIXA ATIVO FI; Renda Fixa; A; 2000-03-21; 2020-08-06T16
75140; ITAU CELI MULTIMERCADO FICFI; Multimercados; A; 2000-02-29; 2017-10-25T18
75159; FIC FI MULT UNIPREV; Multimercados; E; 2000-03-20; 2020-04-08T16
75183; BB TOP PRINCIPAL RENDA FIXA REF DI LP FI; Renda Fixa; A; 1999-11-22; 2017-05-11T17
75191; NOSSA CAIXA TESOURO RF; Renda Fixa; A; 1998-05-21; 2016-07-21T09
75280; ITAU UNIBANCO POLO FI MULT CRED PRIV IE; Multimercados; A; 2000-03-22; 2019-07-02T17
75329; ICATU SEG FI EM COTAS FI COMPOSTO I MULT; PrevidÃªncia; A; 2000-03-30; 2019-11-01T17
75361; ITAU PRIVATE K2 MULTIMERCADO FICFI; Multimercados; A; 2000-03-30; 2017-07-10T16
75515; ITAU NOBRE RF REFER DI FICFI; Renda Fixa; A; 2000-04-10; 2016-04-11T16
75825; SAFRA PREVFIX GOLD FICFI RENDA FIXA PREV; PrevidÃªncia; A; 2000-04-03; 2019-10-31T18
75876; ITAU FLEXPREV CORPORATE RV 20 FICFI MULT; PrevidÃªncia; A; 2000-04-25; 2019-11-01T17
75884; ITAU FLEXPREV CORPORATE RV 35 FICFI MULT; PrevidÃªncia; A; 2000-04-25; 2019-11-01T17
75930; UNIBANCO PREVER I RV 30 FICFI E C  MULT; PrevidÃªncia; A; 2000-03-23; 2019-11-01T16
75973; SANTANDER FI BREMEN MULTIMERCADO; Multimercados; A; 2000-04-19; 2017-12-27T15
76163; ITAU EMPRESA MULTIESTRATEGIA MULT FICFI; Multimercados; A; 1999-12-01; 2019-05-20T17
76201; ITAU PP RF CURTO PRAZO FICFI; Renda Fixa; A; 1999-08-02; 2018-03-09T18
76406; WA RF ATIVO TOP FIC FI RF; Renda Fixa; A; 2000-04-28; 2019-02-04T16
76414; WA RF ATIVO PLUS FIC FI RF; Renda Fixa; A; 2000-05-02; 2019-02-04T16
76546; ITAU SL RF REFERENCIADO DI FICFI; Renda Fixa; A; 2000-01-28; 2019-09-23T16
76619; MAXI PREMIUM RF REFERENCIADO DI FICFI; Renda Fixa; A; 1999-10-29; 2015-12-07T10
76678; ITAU LARGE CORPORATE DI FICFI RF REF; Renda Fixa; A; 2000-04-14; 2019-07-02T17
76686; UNICLASS CONSERVADOR FICFI RENDA FIXA; Renda Fixa; A; 2000-05-02; 2019-07-02T17
76694; UNICLASS MODERADO FICFI MULTIMERCADO; Multimercados; A; 2000-05-02; 2019-07-02T17
76708; BNP PARIBAS CKF FC FI MULT CRED PRIV; Multimercados; A; 2000-05-19; 2019-03-13T17
76716; TEMPO CAPITAL MANACA FC DE FIA;ações; A; 1995-11-22; 2019-09-17T16
76759; CSHG SUNRISE FC FI MULT   CRED PRIV IE; Multimercados; A; 2000-04-03; 2018-01-04T18
77097; LIZARD FI MULT CRED PRIV IE; Multimercados; A; 2000-05-08; 2019-12-03T17
77100; ITAU PER HIGH YIELD RF CRED PRI LP FICFI; Renda Fixa; A; 1999-10-01; 2020-04-07T16
77496; BRAD H FI RF REF DI CRED PRIV LP EXEC; Renda Fixa; A; 2000-02-04; 2017-11-28T18
77739; CAPRICORNIO FC FI MULTI CRED PRIV IE; Multimercados; A; 2000-02-24; 2018-04-26T12
77852; ITAU RENDA FIXA MAXIME FC; Renda Fixa; A; 2000-06-01; 2019-05-09T17
77887; BRADESCO FIA SALUBRE;ações; A; 2000-06-01; 2019-06-13T11
77992; BRADESCO FIC DE FI RF REF DI HIPERFUNDO; Renda Fixa; A; 2000-05-08; 2020-06-09T16
78131; BAHIA AM II FIA;ações; A; 2000-06-30; 2019-11-08T16
78247; ITAU K2 MULTIMERCADO FC; Multimercados; A; 2000-07-03; 2020-04-06T16
78263; GOYAZES FI MULTIMERCADO; Multimercados; A; 2000-06-19; 2019-07-02T17
78778; SAFRA CONSUMO FC FIA;ações; A; 2000-07-05; 2020-09-01T17
78840; FI RF FAELCE JERI; Renda Fixa; A; 2000-03-30; 2019-12-10T16
79014; ITAU PRIVATE ACOES PETROBRAS FI;ações; A; 2000-07-12; 2019-06-13T14
79022; BB ACOES PETROBRAS FI;ações; A; 2000-07-10; 2019-06-10T17
79030; BB FMP FGTS PETROBRAS;ações; A; 2000-08-17; 2018-07-17T14
79146; BRADESCO FIA PETROBRAS;ações; A; 2000-07-10; 2019-07-03T17
79154; SAFRA FIA PETROBRAS;ações; A; 2000-07-10; 2019-11-12T16
79162; ITAU ACOES PETROBRAS FI;ações; A; 2000-07-10; 2019-06-13T14
79375; ITAU FLEXPREV MASTER RENDA FIXA FICFI; PrevidÃªncia; A; 2000-08-01; 2019-11-01T16
79383; BRADESCO H FIA PETROBRAS;ações; A; 2000-07-18; 2019-06-13T11
79588; SUL AMERICA FMP FGTS PETROBRAS;ações; A; 2000-08-17; 2017-10-26T18
79596; BNP PARIBAS FMP FGTS PETROBRAS;ações; A; 2000-08-17; 2015-10-02T21
79731; BANESTADO FMP FGTS PETROBRAS;ações; A; 2000-08-17; 2020-04-30T16
79741; MAXIMA FGTS;ações; A; 2000-08-17; 2015-10-02T21
79758; FATOR FMP FGTS PETROBRAS;ações; A; 2000-08-17; 2017-11-28T18
79839; FMP FGTS UNIBANCO R PETR;ações; A; 2000-08-17; 2020-04-08T16
79847; FMP FGTS UNIBANCO C PETR;ações; A; 2000-08-17; 2019-07-02T17
79855; FMP FGTS UNIBANCO F PETR;ações; A; 2000-08-17; 2019-07-02T17
79871; FMP FGTS UNIBANCO P PETR;ações; A; 2000-08-17; 2020-04-08T16
79881; ITAUBANCO PETROBRAS FMP FGTS;ações; A; 2000-08-17; 2019-07-01T18
79898; BANESTES FGTS;ações; A; 2000-08-17; 2015-10-02T21
79901; ITAU PETROBRAS FMP FGTS;ações; A; 2000-08-17; 2019-07-01T18
79911; ITAU PERSON PETROBRAS FMP FGTS;ações; A; 2000-08-17; 2019-07-01T18
79936; ITAU DESENV. PETROBRAS FMP FGTS;ações; A; 2000-08-17; 2019-07-01T18
79944; CSHG FMP FGTS PETROBRAS;ações; A; 2000-08-17; 2019-07-16T18
80012; SANTANDER FMP FGTS PETROBRAS IV;ações; A; 2000-08-17; 2019-07-01T18
80039; SANTANDER FP FMP   FGTS PETROBRAS;ações; A; 2000-08-17; 2019-07-01T18
80047; SANTANDER FI PETROBRAS  ACOES;ações; A; 2000-07-10; 2019-06-13T15
80101; ITAU CORP FEDERAL PLUS RF CP FICFI; Renda Fixa; A; 2000-08-11; 2016-11-10T14
80111; FEDERAL RF CP FI; Renda Fixa; A; 2000-08-11; 2019-08-27T17
80136; ITAU FLEXPREV CORPORATE VII FC RF; PrevidÃªncia; A; 2000-08-22; 2020-08-12T13
80209; IU BNP PARIBAS CORPORATE VI FI RF; PrevidÃªncia; A; 2000-08-22; 2019-11-01T15
80233; BNP PARIBAS FMP FGTS;ações; A; 2000-08-17; 2015-10-02T21
80241; CAIXA FMP FGTS PETROBRAS IV;ações; A; 2000-08-17; 2019-03-08T16
80268; CAIXA FMP FGTS PETROBRAS III;ações; A; 2000-08-17; 2019-03-08T16
80284; CAIXA FMP FGTS PETROBRAS II;ações; A; 2000-08-17; 2019-03-08T16
80292; CAIXA FI ACOES PETROBRAS;ações; A; 2000-07-10; 2019-07-05T15
80306; CAIXA FIC ABSOLUTO PRE RF LP; Renda Fixa; A; 2000-01-03; 2018-09-19T15
80330; CAIXA FIC SOBERANO RF LONGO PRAZO; Renda Fixa; A; 1998-03-11; 2018-09-18T15
80349; SAFRA PRIVAT-FGTS PETROBRAS;ações; A; 2000-08-17; 2016-10-07T16
80381; ALFA VIII - FMP - FGTS PETROBRAS;ações; A; 2000-08-17; 2019-09-05T17
80391; ALFA VII - FMP - FGTS PETROBRAS;ações; A; 2000-08-17; 2019-09-05T17
80411; ALFA I - FMP - FGTS PETROBRAS;ações; A; 2000-08-17; 2019-09-05T17
80462; BRADESCO FGTS PRIVATE IV PETROBRAS;ações; A; 2000-08-17; 2019-07-01T18
80489; BRADESCO FGTS PETROBRAS;ações; A; 2000-08-17; 2019-07-01T18
80497; BRADESCO FGTS PRIVATE III PETROBRAS;ações; A; 2000-08-17; 2019-07-01T18
80543; BRADESCO FI MULTIMERCADO TEAM; Multimercados; A; 2000-08-01; 2020-02-12T12
80624; BRASIL PLURAL FMP - FGTS PETROBRAS;ações; A; 2000-08-17; 2019-08-07T17
80713; SANTANDER FMP FGTS PETROBRAS;ações; A; 2000-08-17; 2019-07-01T18
80721; ALFA II ACOES FIA PETROBRAS;ações; A; 2000-07-17; 2019-06-04T16
80748; BRADESCO H FMP-FGTS PETROBRAS;ações; A; 2000-08-17; 2019-06-13T11
80764; ITAU FLEXPREV CORPORATE RV49 FICFI MULT; PrevidÃªncia; A; 2000-09-01; 2019-11-01T17
80780; FDO PACTUAL FGTS PETROBRAS;ações; A; 2000-08-18; 2015-10-02T21
80829; WA DI SPECIAL FC FI RF REFERENCIADO; Renda Fixa; A; 2000-09-06; 2018-12-10T19
80871; SANT FIC FI PREV RFA RF CRED PRIV; PrevidÃªncia; A; 2000-09-01; 2019-11-01T15
81116; DREYFUS BRASCAN CLIC FMP FGTS PETROBRAS;ações; E; 2000-08-17; 2019-12-26T16
81132; ALFA III FMP FGTS PETROBRAS;ações; A; 2000-08-17; 2019-09-05T17
81302; MAGLIANO FGTS - PETROBRAS;ações; A; 2000-08-17; 2016-10-07T16
81469; STAR SINGLE MULT CRED PRIV IE FI; Multimercados; A; 2000-09-28; 2018-07-06T10
81531; SANT FIC FI PREV RFB RF CRED PRIV; PrevidÃªncia; A; 2000-09-29; 2019-11-01T15
81655; BB RF REF DI LP VIP FC; Renda Fixa; A; 2000-09-29; 2019-11-11T15
81681; BB RF  REFERENCIADO DI LP 90 MIL FC; Renda Fixa; A; 2000-09-29; 2018-04-25T15
81698; BB RF LP CORPORATE FC; Renda Fixa; A; 2000-09-29; 2019-11-05T16
81736; BB RENDA FIXA LP 90MIL FIC FI; Renda Fixa; A; 2000-09-29; 2018-04-20T12
81795; BB CAMBIAL DOLAR LP VIP FC FI; Cambial; A; 2000-09-29; 2019-08-27T17
81809; BRASILPREV MULTIMERCADO DINAMICO I FC; PrevidÃªncia; A; 2000-10-02; 2020-03-27T16
81922; BB RF REF DI LP CORP 400 MIL FC; Renda Fixa; E; 2000-09-29; 2020-01-28T16
81930; BB TOP MULTI MODERADO LP FI; Multimercados; A; 2000-09-29; 2017-12-08T12
82090; IMP PRIVATE 22 FICFI MULTIMERCADO; Multimercados; A; 2000-10-05; 2019-07-02T17
82392; ATALAIA QUANT INSTITUCIONAL MULT FI; Multimercados; A; 2000-10-05; 2020-01-10T16
82406; BTG PA IC S MO FIC FI MULT CRED PRIV PRE; PrevidÃªncia; A; 1999-12-30; 2019-11-01T16
82414; BTG PA I C C H Y P FIC FI RF CRED PRIV P; PrevidÃªncia; A; 1999-12-30; 2020-07-02T16
82422; BTG PA IC S D 49 FIC FI MULT CRED PRIV P; PrevidÃªncia; A; 1999-12-23; 2019-11-01T15
82511; SANTANDER PERFORMANCE FIX RF LP FC FI; Renda Fixa; A; 2000-09-05; 2020-05-29T16
82562; BRADESCO PRIME H FC FI RF LP; Renda Fixa; A; 2000-10-18; 2018-05-10T18
82589; BRADESCO PRIME H FC FI RF REF DI LP PLUS; Renda Fixa; A; 2000-10-18; 2017-11-28T18
82600; BRADESCO H FC FI RF REF DI LP 15.000; Renda Fixa; A; 2000-10-18; 2017-11-28T18
82724; SAFRA CARTEIRA CAMBIAL FI CAMBIAL; Cambial; A; 2000-10-27; 2019-11-27T16
82783; PLANO ACCOR DE PREV FI RF PGBL/VGBL; PrevidÃªncia; A; 2000-10-31; 2019-11-01T18
82864; BRADESCO FIA IBX PLUS;ações; A; 2000-09-04; 2019-06-13T11
82945; GAP EXCLUSIVE FC FI MULT CRED PRIV IE; Multimercados; A; 2000-11-01; 2019-12-09T15
83038; NIC KIDS FIC FIA;ações; A; 2000-11-01; 2020-09-11T11
83232; BRADESCO FIC RF PGBL HIPERPREV; PrevidÃªncia; A; 2000-11-03; 2019-11-01T18
83356; BRAD FIC MULTIMERCADO PGBL HIPERPREV V15; PrevidÃªncia; A; 2000-11-03; 2019-11-01T18
83402; AAA ACOES FIC FI ACOES;ações; A; 2000-10-30; 2019-05-31T11
83712; ICATU SEG COMPOSTO 10E FC FI MULT; PrevidÃªncia; A; 2000-03-15; 2019-11-01T17
83720; ICATU SEG MODERADO E FIC FI RENDA FIXA; PrevidÃªncia; A; 2000-03-15; 2019-12-09T15
83739; ICATU SEG COMPOSTO 20E FC DE FI MULT; PrevidÃªncia; A; 2000-03-15; 2019-11-01T15
83811; BRADESCO H FC FI RF REF DI LP PJ PLUS; Renda Fixa; A; 2000-12-06; 2017-11-28T18
83828; BRADESCO H FC FI RF REF DI LP PJ; Renda Fixa; A; 2000-12-06; 2020-06-02T16
83852; SUL AMERICA TAMMAR FI MULT CRED PRIVADO; Multimercados; A; 1999-05-14; 2019-07-02T17
83941; SANTANDER FI IBRX ACOES;ações; A; 2000-10-10; 2019-10-01T20
83976; MB PREV X RF FIF CRED PRIV; PrevidÃªncia; A; 2000-11-03; 2019-10-31T18
84360; BRADESCO PRIVATE FI RF ATIVO; Renda Fixa; A; 2000-12-01; 2017-06-26T16
84433; FLAMBOYANT MULT IE FI; Multimercados; A; 2000-12-28; 2016-08-03T10
84451; ITAU FLEXPREV FSA  TM MULT CRED PRIV FI; PrevidÃªncia; A; 2000-12-28; 2019-11-01T17
84662; BRADESCO FIC RF PGBL FINASA; PrevidÃªncia; A; 2000-12-13; 2019-11-01T18
84697; FI FATOR PREVIDENCIA MULTIMERCADO; PrevidÃªncia; A; 2000-12-28; 2019-11-01T15
84794; SULAMERICA MIX 49 FICFI MULTIMERCADO; PrevidÃªncia; A; 2000-12-26; 2019-10-31T18
84808; SULAMERICA FIX 100 FI RENDA FIXA; PrevidÃªncia; A; 2000-12-26; 2019-10-31T18
85073; BRADESCO FIC MULTIMERCADO PGBL V15 20; PrevidÃªncia; A; 1999-12-24; 2019-11-01T18
85081; BRADESCO FIC MULTIMERCADO PGBL V15 30; PrevidÃªncia; A; 1999-12-02; 2019-11-01T16
85146; BRADESCO FIC MULTIMERCADO PGBL V40 20; PrevidÃªncia; A; 2000-03-27; 2019-11-01T18
85154; BRADESCO FIC MULTIMERCADO PGBL V30 20; PrevidÃªncia; A; 2000-03-27; 2019-11-01T18
85170; BRADESCO FIC RF PGBL F10; PrevidÃªncia; A; 2000-11-01; 2019-11-01T18
85219; BB MILENIO 10 FI RENDA FIXA LP; Renda Fixa; A; 2000-12-21; 2020-03-10T16
85677; UNIBANCO FAPI CONSERVADOR; PrevidÃªncia; A; 1998-06-01; 2019-11-01T17
86010; CSHG VERDE AM STRATEGY II FC FI ACOES;ações; A; 1999-10-28; 2020-06-02T16
86142; FIQFI FATOR FABASA ITAPOA MULTIMERCADO; Multimercados; E; 2001-02-06; 2020-01-07T16
86411; ITAU FLEXPREV CORPORATE I   FICFI RF; PrevidÃªncia; A; 2001-03-16; 2019-11-01T17
86479; FI MULT CRED PRIV PB KYMA; Multimercados; A; 2001-02-07; 2018-04-20T12
86517; BNPP BROOKLINE FI MULT CRED PRIV; Multimercados; A; 2001-01-31; 2018-07-27T13
86657; BRADESCO FIC RF PGBL CAEMI F15; PrevidÃªncia; A; 2000-12-06; 2019-11-01T18
86665; ITAU ALFA RENDA FIXA FI; Renda Fixa; A; 2001-03-16; 2015-10-03T13
87009; BB RF REFERENCIADO DI LP  PRIVATE FC FI; Renda Fixa; A; 2001-03-27; 2020-06-09T16
87041; BB ESPELHO MULT TRUXT I MACRO PRIVATE FC; Multimercados; A; 2001-03-27; 2020-04-27T16
87157; BB ESP MULT BTG PACTUAL EXPLORER PRIVATE; Multimercados; E; 2001-03-29; 2020-06-02T16
87300; FUNDO DE INVESTIMENTO RENDA FIXA ACRE; Renda Fixa; A; 2001-03-15; 2019-12-09T15
87319; BB CAMBIAL EURO LP FC; Cambial; A; 2001-03-29; 2019-11-18T15
87351; ITAUPREV MASTER V20 MULT FICFI; PrevidÃªncia; A; 2001-04-06; 2019-11-01T16
87386; BNP EQD BRAZIL FUND FI MULT CRED PRIV IE; Multimercados; A; 1999-11-17; 2019-08-27T17
87408; ITAU ESPECIAL RF REFERENCIADO DI FICFI; Renda Fixa; A; 2001-04-02; 2016-07-27T09
87416; ITAU ESPECIAL RENDA FIXA FICFI; Renda Fixa; A; 2001-04-02; 2015-10-02T21
87475; BNP Paribas ACE FIA;ações; E; 2001-04-02; 2020-09-03T16
87701; MAX FI MULT - CRED PRIV IE; Multimercados; A; 2001-01-12; 2017-10-31T15
87726; FC DE FI MULT CRED PRIV IE FITA AZUL; Multimercados; A; 2001-02-13; 2019-12-10T18
87793; ALLSTON FI MULTIMERCADO; Multimercados; A; 2001-04-06; 2015-10-03T13
88005; WESTERN ASSET PGBL RF FC FI RF PREVI; PrevidÃªncia; E; 2001-04-24; 2020-06-25T16
88013; METLIFE GOLD RV 30 FI MULT BALANC PREVD; PrevidÃªncia; A; 2001-05-03; 2019-11-01T15
88188; BRADESCO FIC RF PGBL FINASA PLUS; PrevidÃªncia; A; 2001-05-14; 2019-11-01T18
88781; SANTANDER FC FI VII RF CRED PRIV; PrevidÃªncia; A; 1999-10-21; 2020-02-05T12
88870; GBOEX PREV FI RENDA FIXA; PrevidÃªncia; A; 2001-05-24; 2019-11-20T16
88889; SULAMERICA FIX 100 V FI RF; PrevidÃªncia; A; 2000-01-17; 2019-11-01T17
88900; SULAMERICA MIX 15 IV FI MULTIMERCADO; PrevidÃªncia; A; 2001-01-08; 2019-10-31T18
89036; BRAD FC DE FI RF REFERENCIADO DI SAFIRA; Renda Fixa; A; 2001-06-01; 2020-04-23T16
89044; BRADESCO FIC FI RF SIMPLES BRILHANTE; Renda Fixa; A; 2001-06-01; 2020-04-23T16
89052; BRADESCO FIC DE FI RF REF DI PLATINUM; Renda Fixa; A; 2001-06-01; 2017-01-23T16
89141; BRAM FI RF REFERENCIADO DI RUBI; Renda Fixa; A; 2001-06-01; 2020-01-09T16
89265; DIAMOND FI MULT CRED PRIV INV EXT; Multimercados; A; 2001-05-29; 2020-03-09T12
89567; VALUATION IB FIC DE FIA;ações; A; 2001-06-20; 2020-04-06T16
89583; IU WESTERN ASSET CORPORATE III FI RF; PrevidÃªncia; A; 2001-06-01; 2019-11-01T15
89796; CSHG DI PRIVATE FC FI RF REF; Renda Fixa; A; 2001-05-08; 2019-10-28T16
89915; BRADESCO FI RF REF DI LONGO PRAZO CIP; Renda Fixa; A; 2001-06-28; 2019-12-02T17
89941; SANTANDER FI BISA ACOES;ações; A; 2001-03-29; 2019-06-28T17
90190; CSHG VERDE AM CART ADM REAL FICFI MULT; Multimercados; A; 1999-08-05; 2020-03-26T16
90255; BRADESCO FI MULT CRED PRIV IE MAXIMUS; Multimercados; A; 2001-07-05; 2018-12-10T16
90468; VERDE PVT MULT FICFI; Multimercados; A; 2001-07-02; 2018-09-03T16
90824; BB RF LP INDICE DE PRECO FC; Renda Fixa; A; 2001-07-20; 2018-03-06T15
91189; BRASILPREV MULTIMERCADO DINAMICO III FC; PrevidÃªncia; A; 2001-07-26; 2019-11-01T15
91197; BRASILPREV MULTIMERCADO DINAMICO V FC; PrevidÃªncia; A; 2001-07-26; 2019-11-01T15
91200; BRASILPREV MULTIMERCADO DINAMICO IV FC; PrevidÃªncia; A; 2001-07-26; 2019-11-01T15
91332; BRADESCO FC FI MULT PGBLVGBL FUT COMP I; PrevidÃªncia; A; 2001-07-18; 2019-11-01T18
91367; BTG PACTUAL CAPITAL MARK FI RENDA FIXA; Renda Fixa; A; 2001-07-02; 2020-06-03T16
91448; SANTANDER FICFI SAPPHIRE REFERENCIADO DI; Renda Fixa; A; 2001-05-31; 2018-01-02T15
91480; BRADESCO H FC FI MULT AQUAMARINE; Multimercados; A; 2000-01-17; 2017-10-25T18
91601; BRAM FI CAMBIAL DOLAR; Cambial; A; 2001-07-02; 2018-04-09T15
91741; ITAU LONG TERM CAPITAL FIX RF LP FICFI; Renda Fixa; A; 2001-07-30; 2019-07-02T17
91766; ITAU LONG TERM MAXI FIX RF LP FICFI; Renda Fixa; A; 2001-07-30; 2019-07-02T17
92071; TORONTO FI MULTIMERCADO CRED PRIV IE; Multimercados; A; 2000-01-13; 2019-06-27T17
92118; PARDO RENDA FIXA FUNDO DE INVESTIMENTO; Renda Fixa; A; 2001-07-06; 2018-10-17T15
92241; MAXI PREMIUM RF FICFI; Renda Fixa; A; 2001-07-26; 2020-03-31T16
92304; LAREN MULTIMERCADO FICFI - IE CRED PRIV; Multimercados; A; 1999-06-10; 2016-08-16T15
92541; CAIXA FIC PATRIMONIO IND PRECOS RF LP; Renda Fixa; A; 2000-01-03; 2018-09-18T15
92746; MB MATIC RENDA FIXA LP FIF; Renda Fixa; A; 2001-08-02; 2016-05-09T11
92843; BB INSTITUCIONAL FI RENDA FIXA; Renda Fixa; A; 2001-08-23; 2019-03-13T17
92932; ITAUPREV PREMIUM RF F100 FICFI; PrevidÃªncia; A; 2001-08-29; 2019-11-01T17
93092; ITAU PERSON BALANCEADO FMP FGTS CL;ações; A; 2001-08-24; 2020-04-07T16
93106; ITAU BALANCEADO FMP FGTS CL;ações; A; 2001-08-23; 2020-04-07T16
93114; BRADESCO FMP FGTS CL;ações; A; 2001-08-23; 2019-07-01T18
93165; ITAU UNIBANCO EMPRESAS RF FICFI; Renda Fixa; A; 2001-09-14; 2019-07-02T17
93238; UNICLASS RF REFER DI FICFI; Renda Fixa; A; 2001-09-18; 2019-07-02T17
93386; ARX FUNDO DE INVESTIMENTO EM ACOES;ações; A; 2001-07-18; 2019-06-06T15
93629; BB MILENIO 32 FI RENDA FIXA; Renda Fixa; A; 2001-09-17; 2017-08-03T16
93701; SANTANDER FI IBOVESPA PASSIVO ACOES;ações; A; 2001-09-05; 2019-06-13T15
93734; BRAD FIC MULTIMERCADO PGBL VGBL V30 PLUS; PrevidÃªncia; A; 2001-09-28; 2019-11-01T18
93742; BRADESCO FIC MULTIMERCADO PGBL V40 PLUS; PrevidÃªncia; A; 2001-09-28; 2019-11-01T18
93769; BRADESCO FIC MULTIMERCADO PGBL V15 PLUS; PrevidÃªncia; A; 2001-09-28; 2019-11-01T18
94153; CSHG CENTAURUS FC FI MULT - CRED PRIV IE; Multimercados; A; 2000-08-17; 2018-03-22T17
94196; BRADESCO BJ FIC DE FIA 157;ações; A; 1997-12-22; 2019-06-13T11
94511; IU WESTERN ASSET CORPORATE RV 25 FI MULT; PrevidÃªncia; A; 2001-10-31; 2019-11-01T15
94528; IU WESTERN ASSET PERFORMANCE V FI RF; PrevidÃªncia; A; 2001-10-31; 2019-11-01T17
94536; CAIXA FI MASTER PREFIXADO 50 RF LP; Renda Fixa; A; 2000-12-07; 2018-10-01T18
94552; CAIXA FI MULTIMERCADO RV 30 LONGO PRAZO; Multimercados; A; 2001-02-02; 2019-06-05T18
94579; SANTANDER FC FI ETHICAL ACOES;ações; A; 2001-11-01; 2020-05-11T16
94595; BNP PARIBAS ALCOA SOLIDARIA FI MULTIM; Multimercados; A; 2001-11-01; 2019-03-20T16
94684; SANTANDER FI ETHICAL II ACOES;ações; A; 2001-11-06; 2020-03-09T12
94811; ITAUPREV PREMIUM V40 MULTIMERCADO FICFI; PrevidÃªncia; A; 2001-11-12; 2019-11-01T17
94821; ITAUPREV PREMIUM V20 MULT FICFI; PrevidÃªncia; A; 2001-11-12; 2019-11-01T17
95141; FOCUS FUNDO DE FUNDOS - FICFI MULT; Multimercados; A; 2001-06-01; 2020-04-29T16
95486; FIGO FI MULT CRED PRIV IE; Multimercados; A; 2001-10-01; 2020-08-11T10
95524; SANT FIC FI PREV FIX EXCL RF CRED PRIV; PrevidÃªncia; A; 2001-12-03; 2019-11-01T15
95532; AQUILA 2 FI MULTIMERCADO; Multimercados; A; 2001-12-03; 2016-11-04T16
95540; PRIVATE 24 FIC FI MULTI CREDITO PRIVADO; Multimercados; A; 2001-12-03; 2019-07-02T17
95575; ICATU VANGUARDA XI FI RENDA FIXA; Renda Fixa; A; 1997-01-10; 2019-12-06T19
95664; BRADESCO FIA SELECTION;ações; A; 2001-03-26; 2019-06-13T11
95702; ONDINA FC FI MULT CRED PRIV IE; Multimercados; A; 2001-12-11; 2020-01-10T16
95753; SOLO FIC FI MULT CRED PRIV; Multimercados; A; 2001-08-24; 2019-01-02T15
95796; AKRON FICFI MULT CRED PRIV IE; Multimercados; A; 2001-11-22; 2019-07-02T17
95826; ARIETIS RF REFERENCIADO DI FI; Renda Fixa; A; 2001-10-04; 2016-02-04T12
95842; ITAU FLEXPREV PREMIUM RENDA FIXA FICFI; PrevidÃªncia; A; 2001-11-27; 2019-11-01T17
95923; PACK FIX 100 FICFI ESPEC CONST RF; PrevidÃªncia; A; 2001-12-13; 2019-11-01T17
96016; FI EM ACOES IP SELECAO;ações; A; 2001-10-15; 2020-03-27T16
96040; ITAU PREVIDENCIA IBRX FIA;ações; A; 2001-12-17; 2020-02-05T16
96229; BRADESCO PRIVATE FIC FI CAMBIAL DOLAR; Cambial; A; 2001-09-20; 2017-01-23T16
96245; BRADESCO PRIVATE FIC DE FIA IBOVESPA;ações; A; 2000-12-19; 2020-04-13T11
96271; BRADESCO PRIVATE FIC DE FI RF REF DI; Renda Fixa; A; 2001-06-20; 2017-01-23T16
96318; BRAD PRIVATE FIC FI RF SIMPLES FED PLUS; Renda Fixa; A; 2001-11-05; 2019-09-19T12
96326; BRADESCO PRIVATE FIA IBOVESPA ATIVO;ações; A; 2000-12-19; 2019-06-13T11
96415; BRADESCO FIC DE FI CAMBIAL DOLAR SPECIAL; Cambial; A; 2001-07-02; 2017-02-24T10
96490; BRADESCO FIC FI RF PGBL VGBL FIX PLUS; PrevidÃªncia; A; 2001-07-31; 2019-11-01T18
96792; ITAUPREV CLASSIC V40 MULT FICFI; PrevidÃªncia; A; 2001-12-20; 2019-11-01T16
96806; ITAUPREV CLASSIC V10 MULT FICFI; PrevidÃªncia; A; 2001-12-20; 2019-11-01T16
96814; ITAUPREV CLASSIC V20 MULT FICFI; PrevidÃªncia; A; 2001-12-20; 2019-11-01T17
96822; ITAUPREV CLASSIC RF F100 FICFI; PrevidÃªncia; A; 2001-12-20; 2019-11-01T17
97020; BRADESCO FIC MULTIMERCADO PGBL V25 15; PrevidÃªncia; A; 2001-12-28; 2019-11-01T16
97055; FAPI BANRISUL CONSERVADOR; PrevidÃªncia; A; 2001-12-07; 2019-11-27T16
97081; CSHG ALL VERDE 14 FCFI MULT; Multimercados; A; 2001-11-01; 2020-04-09T22
97101; SANTA FE AQUARIUS FI MULT; Multimercados; A; 2001-12-20; 2020-05-12T16
97136; BRADESCO FIC DE FI RF RENTAMAXI; Renda Fixa; A; 2002-01-07; 2019-10-08T17
97160; ITAU FI IDEAL PREV PREVIDENCIARIO RF FI; Renda Fixa; A; 2002-01-11; 2016-11-01T16
97187; MAPFRE REC LIQ BRASILVEICULOS FI RF; Renda Fixa; A; 2002-01-02; 2019-06-19T16
97217; ITAU FLEXPREV XII A RF FICFI; PrevidÃªncia; A; 2001-12-20; 2020-01-06T16
97489; FIBRA CSN INV PLUS MULTICARTEIRA FIF; Multimercados; A; 2001-11-12; 2020-09-01T17
97632; FI INVESTMET RENDA FIXA PREVIDENCIARIO; PrevidÃªncia; E; 2002-01-24; 2019-12-10T16
97721; MB PREV VIII RF FDO INV FIN CRED PRIV; PrevidÃªncia; A; 2002-01-09; 2019-10-31T18
97799; CORPORATE FI RENDA FIXA CREDITO PRIVADO; Renda Fixa; A; 2002-01-02; 2016-05-16T13
98051; MULTIMANAGER PLUS MULTIMERCADO FICFI; Multimercados; A; 2002-02-05; 2015-10-02T21
98108; WA MULTI RF STAR FIC FI RENDA FIXA; Renda Fixa; A; 2002-02-04; 2019-02-04T16
98116; WA TRADICIONAL TOP FIC FI RENDA FIXA; Renda Fixa; A; 2002-02-04; 2018-12-10T19
98124; WA MULTI RF TOP FICFI RENDA FIXA; Renda Fixa; A; 2002-02-04; 2019-02-04T16
98132; WA TRADICIONAL STAR FIC FI RENDA FIXA; Renda Fixa; A; 2002-02-05; 2018-12-10T19
98167; WA TRADICIONAL FI RENDA FIXA; Renda Fixa; A; 2002-02-04; 2020-03-11T12
98231; SANT FIC FI PREV FIX EXECUT RF CRED PRIV; PrevidÃªncia; A; 2001-11-22; 2019-11-01T15
98248; SANT FICFI PREV AGRES SUP MULT CRED PRIV; PrevidÃªncia; A; 2001-11-22; 2019-11-01T15
98353; SANTANDER FI VALE 4 ACOES;ações; A; 2002-02-20; 2019-10-29T11
98681; BRADESCO FIA VALE;ações; A; 2002-02-20; 2019-06-13T11
98698; ITAU ACOES VALE FUNDO DE INVESTIMENTO;ações; A; 2002-02-20; 2019-06-13T14
98711; ITAU FMP FGTS VALE MIGRACAO;ações; A; 2002-02-26; 2019-07-01T18
98841; SAFRA FI ACOES VALE DO RIO DOCE;ações; A; 2002-02-21; 2019-01-04T14
98922; SULAMERICA MIX 30 IV FI MULTIMERCADO; PrevidÃªncia; A; 2001-12-14; 2019-10-31T18
98930; SULAMERICA FIX 100 IV FI RENDA FIXA; PrevidÃªncia; A; 2001-12-14; 2019-10-31T18
99104; BRADESCO BA FIA VALE;ações; A; 2002-02-21; 2019-06-13T11
99181; ITAU FLEX CORP PLATI RV49 FICFI MULT; PrevidÃªncia; A; 2002-02-06; 2019-11-01T17
99260; INSTITUTIONAL ACTIVE FIX IB MULTIM FI; Multimercados; A; 2002-03-12; 2019-07-02T17
99295; CAIXA FI ACOES VALE DO RIO DOCE;ações; A; 2002-02-20; 2019-06-05T18
99309; CAIXA FMP FGTS VALE MIGRACAO;ações; A; 2002-02-26; 2019-03-08T16
99481; ICATU VANG FC DE FI RF INFLA LONGA PREV; PrevidÃªncia; A; 2002-03-22; 2020-01-17T16
99491; CAIXA FMP FGTS VALE I;ações; A; 2002-03-27; 2019-03-08T16
99503; CAIXA FMP FGTS VALE II;ações; A; 2002-03-27; 2019-03-11T11
99511; PASSO MULT CRED PRIV IE FI; Multimercados; A; 2002-03-25; 2019-07-02T17
99589; GAP MULTIPORTFOLIO FC FI MULTI; Multimercados; A; 2002-01-02; 2019-08-09T18
99597; ITAU ACOES SEL MULTIFUNDOS FICFI;ações; A; 2002-01-28; 2019-07-02T17
99600; BB FMP FGTS VALE MIGRACAO;ações; A; 2002-03-07; 2016-07-27T15
99708; BB ACOES VALE FI;ações; A; 2002-02-26; 2019-06-10T17
99831; BB FMP FGTS VALE DO RIO DOCE;ações; A; 2002-03-27; 2018-07-17T14
99864; BRADESCO PRIVATE FI RF CREDITO PRIVADO; Renda Fixa; A; 2002-03-06; 2016-07-26T11
99880; BRADESCO FIC MULTIMERCADO VGBL V15 30; PrevidÃªncia; A; 2002-03-12; 2019-11-01T16
99899; BRADESCO FIC MULTIMERCADO VGBL V40 30; PrevidÃªncia; A; 2002-03-12; 2019-11-01T18
99902; BRADESCO FIC MULTIMERCADO VGBL V30 30; PrevidÃªncia; A; 2002-03-12; 2019-11-01T17
99910; BRADESCO FIC RF VGBL FIX; PrevidÃªncia; A; 2002-03-08; 2019-11-01T18
99945; UNIBANCO PB FMP FGTS VALE DO RIO DOCE;ações; A; 2002-03-27; 2019-07-03T17
99953; UNIBANCO P FMP FGTS VALE;ações; A; 2002-03-27; 2019-07-02T17
99961; UNIBANCO R FMP FGTS VALE DO RIO DOCE;ações; A; 2002-03-27; 2020-04-07T16
99971; UNIBANCO F FMP FGTS VALE DO RIO DOCE;ações; A; 2002-03-27; 2019-07-03T17
99996; MAGLIANO VALE;ações; A; 2002-03-27; 2016-10-07T16
100129; BRADESCO FMP FGTS VALE PRIVATE I;ações; A; 2002-03-27; 2019-07-01T18
100137; BRASIL PLURAL FMP  FGTS VALE DO RIO DOCE;ações; A; 2002-03-27; 2019-06-24T17
100145; BRADESCO FMP FGTS VALE;ações; A; 2002-03-27; 2019-07-01T18
100153; BRADESCO FMP FGTS VALE PRIVATE;ações; A; 2002-03-27; 2019-07-01T18
100188; BRAD FMP FGTS VALE MIGRACAO;ações; A; 2002-03-01; 2019-07-01T18
100201; FDO FORCA BRADESCO FMP FGTS VALE;ações; A; 2002-03-27; 2019-07-01T18
100277; ITAU FMP FGTS VALE;ações; A; 2002-03-27; 2019-07-01T18
100285; ITAUBANCO FMP FGTS VALE;ações; A; 2002-03-27; 2019-07-01T18
100315; BANESTES FGTS VALE;ações; A; 2002-03-27; 2015-10-02T21
100341; SANTANDER FMP FGTS VALE II;ações; A; 2002-03-27; 2019-07-01T18
100358; SANTANDER FMP FGTS VALE V;ações; A; 2002-03-27; 2019-07-01T18
100390; ICATU SEG DURATION FI RF; PrevidÃªncia; A; 2002-04-10; 2019-12-10T18
100447; ALFA III FMP FGTS VRD;ações; A; 2002-03-27; 2019-09-05T17
100455; SAFRA FMP VALE;ações; A; 2002-03-27; 2016-10-07T16
100463; ALFA I FMP FGTS VRD;ações; A; 2002-03-27; 2019-09-05T17
100536; SUL AMERICA FMP FGTS VALE DO RIO DOCE;ações; A; 2002-03-27; 2017-10-23T17
100676; ARX INCOME ICATU PREV FI MULTI; PrevidÃªncia; A; 2002-01-29; 2019-11-01T16
100935; BRADESCO FC DE FI RF REF DI SKY; Renda Fixa; A; 2002-02-04; 2019-09-09T16
100978; BB ATACADO FEDERAL FI RF LP; Renda Fixa; A; 2002-04-16; 2017-12-11T11
101001; BRASILPREV MULTIMERCADO DINAMICO II FC; PrevidÃªncia; A; 2002-02-06; 2019-11-01T15
101125; BRADFORD MULTIMERCADO CREDITO PRIVADO FI; Multimercados; A; 2002-04-15; 2016-05-04T12
101151; BRADESCO BA FMP FGTS VALE;ações; A; 2002-03-27; 2019-07-01T18
101370; BRAM PRIVATE FI RF CREDITO PRIVADO; Renda Fixa; A; 2002-05-02; 2020-01-24T16
101389; BRAD PRIV FIC MULTIMERC MULTIESTRATEGIA; Multimercados; A; 2002-05-02; 2017-01-27T16
101397; BRAD PRIV FC FI MULT MULTIESTR PLUS; Multimercados; A; 2002-05-02; 2018-08-31T16
101400; BRADESCO PRIVATE FIC RF CRED PRIV RATING; Renda Fixa; A; 2002-05-02; 2017-01-27T16
101419; ANDBANK PERFORMANCE LIVRE FC FI MULT; Multimercados; A; 2002-05-22; 2020-03-09T12
101478; BRAM PRIVATE FI MULT MULTIESTRATEGIA; Multimercados; A; 2002-05-02; 2016-07-18T15
101486; CAIXA FI MARFIM RF; Renda Fixa; A; 2002-05-20; 2018-10-16T15
101613; SANTANDER PB BAUNILHA MULT CRED PRIV FI; Multimercados; A; 2002-04-03; 2020-09-10T14
101834; ICATU SEG COMPOSTO 49E FC DE FI MULT; PrevidÃªncia; A; 2002-03-08; 2019-11-01T17
101931; ITAU UPJ SUPER RF CP FICFI; Renda Fixa; A; 2002-06-07; 2019-07-02T19
101941; BNY MELLON ARX CASH FI RF CURTO PRAZO; Renda Fixa; A; 2002-06-13; 2019-03-12T16
102008; ITAU RF CURTO PRAZO FI; Renda Fixa; A; 2002-06-03; 2019-07-02T17
102032; FATOR FMP FGTS VALE DO RIO DOCE;ações; A; 2002-03-27; 2017-11-28T18
102091; ITAU INSTITUCIONAL RF FI; Renda Fixa; A; 2002-06-03; 2019-07-02T17
102180; ITAU PLUS RF CURTO PRAZO FICFI; Renda Fixa; A; 2002-06-07; 2019-07-02T19
102407; CSHG SANTA LUCIA FI MULT CRED PRIV IE; Multimercados; A; 2002-06-13; 2020-04-30T16
102547; SANTANDER FIC FI LIQUIDEZ RF CP; Renda Fixa; A; 2002-06-04; 2018-04-26T12
102563; SANTANDER FI RENDA FIXA CURTO PRAZO; Renda Fixa; A; 2002-06-05; 2018-04-26T12
102679; BRADESCO FI CAMBIAL DOLAR TOP; Cambial; A; 2002-06-28; 2018-06-08T11
102733; BB CAMBIAL DOLAR LP FC; Cambial; A; 2002-06-28; 2019-11-18T15
102814; BRADESCO H FIA VALE DO RIO DOCE;ações; A; 2002-04-04; 2019-06-13T11
102822; BRADESCO H FMP FGTS VALE DO RIO DOCE;ações; A; 2002-04-05; 2019-06-13T11
102946; BNP PARIBAS FMP FGTS VALE R DOCE;ações; A; 2002-04-05; 2015-10-02T21
103101; CAIXA FIC LIQUIDEZ POLIS RF CURTO PRAZO; Renda Fixa; A; 2002-07-03; 2020-08-11T10
103209; TARPON CSHG FC FI ACOES;ações; A; 2002-07-02; 2019-07-16T18
103276; ITAU PP SUPER RF SIMPLES FICFI; Renda Fixa; A; 2002-04-30; 2017-08-08T17
103470; BB RF CP AUTOMATICO MAIS FIC FI; Renda Fixa; A; 2002-06-26; 2020-05-19T16
103527; BB RF REF DI LP 200 MIL FC; Renda Fixa; E; 2002-06-18; 2019-12-09T15
103675; ITAU PERSONNALITE CP FICFI; Renda Fixa; A; 2002-06-07; 2019-07-02T17
103713; SANTANDER PB MURALHA MULT CRED PRIV FI; Multimercados; A; 2002-07-19; 2020-09-11T11
103780; BB TOP EURO FI CAMBIAL LP; Cambial; A; 2002-07-01; 2019-05-10T18
103934; SANTANDER FIC FI SOBERANO RF CURTO PRAZO; Renda Fixa; A; 2002-07-12; 2018-01-03T15
104019; SUL AMERICA EXCLUSIVE FI RF REF DI; Renda Fixa; A; 2002-04-26; 2020-05-12T16
104061; GOV SP FC FI PRINCIPAL RF REF DI; Renda Fixa; A; 2002-04-30; 2016-08-02T10
104078; BB RF REF DI LP MEGA FC FI; Renda Fixa; A; 2002-04-30; 2019-12-05T16
104175; BB ACOES SMALL CAPS FC FI;ações; A; 2002-07-19; 2019-12-06T19
104213; BB ACOES EXPORTACAO FC FI;ações; A; 2002-07-23; 2019-12-06T19
104221; BB ACOES DIVIDENDOS FC FI;ações; A; 2002-07-19; 2019-06-17T17
104353; BB RF REFERENCIADO DI SOCIAL 50 FC FI; Renda Fixa; A; 2002-07-18; 2019-12-05T16
104388; BB TOP ACOES EXPORTACAO FIA;ações; A; 2002-07-23; 2019-06-28T17
104396; BB TOP ACOES DIVIDENDOS FI;ações; A; 2002-07-19; 2020-03-27T16
104434; CAIXA FIC CAPITAL IND PRECOS RF LP; Renda Fixa; A; 2002-08-01; 2018-09-19T15
104541; FIVESTARS PREV FI MULTI; Multimercados; A; 2002-08-05; 2020-02-07T18
104698; SANTANDER FI BANDEPREV MULT CRED PRIV; Multimercados; A; 2002-08-08; 2020-02-11T17
104868; BB TOP ACOES SMALL CAPS FI;ações; A; 2002-07-19; 2020-03-05T18
104930; ITAU MULTIMERCADO EQUITY HEDGE FICFI; Multimercados; A; 2002-08-01; 2018-10-16T15
105007; ALFA II FMP FGTS VRD;ações; A; 2002-05-24; 2019-09-05T17
105163; BB OLIMPO 33 FI RENDA FIXA; Renda Fixa; A; 2002-08-21; 2016-07-21T09
105211; BRAD FC DE FI RF REFEREN DI LP 30.000; Renda Fixa; A; 2002-05-29; 2020-01-08T17
105597; BRADESCO H FC FI RF CURTO PRAZO; Renda Fixa; A; 2002-06-06; 2017-11-28T18
105910; ITAU PERSONNALITE FED LP RF REF DI FICFI; Renda Fixa; A; 2002-08-09; 2019-07-02T17
106046; SUL AMERICA OCEANO FI MULTIMERCADO; Multimercados; A; 2002-06-27; 2017-08-02T11
106089; MONT BLANC FI RF CRED PRIV PREV; Renda Fixa; A; 2002-08-13; 2019-12-09T15
106143; SANTANDER FC FI VI RF CRED PRIV; PrevidÃªncia; A; 2002-06-07; 2020-02-05T12
106186; SANT FIC FI 20 II MULT CRED PRIV; PrevidÃªncia; A; 2002-06-07; 2019-11-01T15
106208; SANTANDER FI VALE DO RIO DOCE ACOES;ações; A; 2002-06-07; 2019-06-13T15
106232; SANTANDER FIC FI III RF CRED PRIV; PrevidÃªncia; A; 2002-06-07; 2019-11-01T15
106267; SANTANDER FIC FI II RF CRED PRIV; PrevidÃªncia; A; 2002-06-07; 2019-11-01T15
106331; SANT FIC FI SELECAO MAX ACOES;ações; A; 2002-06-07; 2019-06-13T15
106356; SANTANDER FMP FGTS VALE;ações; A; 2002-06-07; 2019-07-01T18
106364; BNP PARIBAS NOVA YORK FI MULTIM PREV; Multimercados; A; 2002-07-05; 2017-10-27T18
106372; SANT FC FI 20 I MULT CRED PRIV; PrevidÃªncia; A; 2002-06-07; 2020-01-29T16
106471; CAIXA FIC PREV 300 RF; PrevidÃªncia; A; 2002-06-12; 2019-11-01T19
106534; CAIXA FI PCRJ RF; Renda Fixa; A; 2002-06-13; 2019-08-09T18
106593; SANTANDER FC FI LIQUIDEZ SIMPLES RF CP; Renda Fixa; A; 2002-09-10; 2020-06-25T16
106641; CAIXA FI MASTER LIQUIDEZ RF CURTO PRAZO; Renda Fixa; A; 2002-07-03; 2018-10-04T18
106674; ITAU INFLATION INDEX RENDA FIXA FICFI; Renda Fixa; A; 2002-09-02; 2016-02-11T16
106704; QUARTZO PREV RENDA FIXA FI; Renda Fixa; A; 2002-09-13; 2016-11-01T16
106739; CAIXA FIC PREVID MULT RV 0/15 300; PrevidÃªncia; A; 2002-06-19; 2020-05-05T16
106755; CAIXA FIC PREV 300 MULTI RV 15 30; PrevidÃªncia; A; 2002-06-19; 2020-04-09T23
106771; BB RF REF DI 30 MIL FC; Renda Fixa; E; 2002-09-13; 2019-12-09T15
106917; GRAN MULTIMERCADO FICFI CRED PRIV; Multimercados; A; 2002-09-19; 2016-08-03T15
107281; BRADESCO FC DE FI RF CRED PRIV MAXI; Renda Fixa; A; 2002-09-30; 2019-10-08T17
107441; SANTANDER FC FI MSA MULT; Multimercados; A; 2002-10-04; 2020-03-09T12
107662; ITAU PRIVATE KEY UPPER RF INDICES FICFI; Renda Fixa; A; 2002-10-08; 2019-07-02T17
107816; BNP PARIBAS INFLACAO FC FI RF; Renda Fixa; A; 2002-10-07; 2020-01-08T19
107999; ITAU RENDA FIXA INDICE DE PRECOS FICFI; Renda Fixa; A; 2002-10-18; 2019-07-03T17
108006; ITAU RENDA FIXA IMA B ATIVO FICFI; Renda Fixa; A; 2002-10-17; 2019-07-03T17
108081; BTG PACTUAL ANDROMEDA FIA;ações; A; 2002-10-18; 2020-06-03T16
108308; PREVINDUS MASTER MULTIMERCADO FI; Multimercados; A; 2002-10-28; 2019-07-02T17
108324; BRAM FI RF MULTI-INDICES; Renda Fixa; A; 2002-10-21; 2016-06-20T09
108340; BRADESCO FC DE FI RF MULTI-INDICES LP; Renda Fixa; A; 2002-10-22; 2018-07-13T12
108561; ITAU KEY SOURCE RF LP FI; Renda Fixa; A; 2002-11-01; 2019-07-02T17
108642; BB MULT MULTIGESTOR PLUS PRIVATE FC FI; Multimercados; A; 2002-11-05; 2019-01-07T16
108741; BRESSER HEDGE FI MULTIMERCADO; Multimercados; A; 2002-10-31; 2018-04-27T11
108758; ITAU ESPECIAL RF CURTO PRAZO FICFI; Renda Fixa; A; 2002-08-13; 2019-07-02T17
108766; BTG PACTUAL YIELD DI FI REF CRED PRIV; Renda Fixa; A; 2002-08-14; 2020-06-03T16
108898; SAFRA INFLATION FC FI RF; Renda Fixa; A; 2002-11-12; 2019-04-02T12
109053; BB PREV PUBLICO IGP M FI RF; PrevidÃªncia; A; 2002-08-15; 2019-11-01T15
109215; SUL AMERICA EXCELLENCE FI RF CRED PRIV; Renda Fixa; A; 2002-11-11; 2020-05-12T16
109241; CLARITAS LONG SHORT FI COTAS FI MULTI; Multimercados; A; 2002-09-04; 2019-09-17T16
109274; XANCE FIC DE FI MULTIM CRED PRIV; Multimercados; A; 2002-11-07; 2016-10-26T16
109290; CITIPREVIDENCIA CORP FI RF CONSERVADOR; PrevidÃªncia; E; 2002-11-18; 2020-06-25T16
109304; METLIFE SILVER RV 25 FIC FI MULT BALANCE; PrevidÃªncia; A; 2002-11-18; 2019-10-31T18
109381; METLIFE SILVER RF FC FI RENDA FIXA; PrevidÃªncia; A; 2002-11-22; 2019-12-10T16
109398; WA LIQUIDEZ FI RF CRED PRIV; Renda Fixa; A; 2002-11-21; 2019-05-06T17
109479; FORTE FC FI MULT CRED PRIV IE; Multimercados; A; 2002-08-30; 2020-03-05T18
109517; EDUCACAO DI RF REFERENCIADO DI FICFI; Renda Fixa; E; 2002-11-28; 2020-06-24T17
109568; BTG PACTUAL MULTIS FI MULTIMERCADO; Multimercados; A; 2002-10-01; 2018-11-12T16
109630; GAP ABSOLUTO FC FI MULTIMERCADO; Multimercados; A; 2002-10-01; 2019-08-07T17
109975; BB POLO 1 FI RF LP; Renda Fixa; A; 2002-11-20; 2016-03-02T16
110078; WM INCOME ALL FUND FC FI MULT CRED PRIV; Multimercados; A; 2002-09-10; 2019-01-10T22
110264; WA DI MAX PREMIUM FIC DE FI RF REF; Renda Fixa; A; 2002-12-13; 2018-12-10T19
110345; FI INVESTMET RF CORP PREV; PrevidÃªncia; E; 2003-01-27; 2020-06-25T16
110371; BRADESCO FI RENDA FIXA NEGOCIAL; Renda Fixa; A; 2002-12-12; 2016-07-25T19
110574; OPPORTUNITY MIDI FC DE FI MULTIMERCADO; Multimercados; A; 2002-11-26; 2020-03-27T16
111120; BRADESCO FIC DE FI RF CCDC; Renda Fixa; E; 2003-01-06; 2020-02-13T17
111554; ALFA PREVIDENCIA FI RF IP; Renda Fixa; A; 2003-01-02; 2019-06-10T17
111783; FI MULT FICUS; Multimercados; A; 2003-01-29; 2019-11-07T16
112151; CSHG CAMBRIDGE FC FI MULT; Multimercados; A; 2002-12-18; 2017-06-07T16
112283; CAIXA FIC FACIL RENDA FIXA SIMPLES; Renda Fixa; A; 2003-02-24; 2018-09-19T15
112331; SULAMERICA FIX 100 II FI RENDA FIXA; PrevidÃªncia; A; 2003-02-27; 2019-10-31T18
112380; VINCI GAS FI EM ACOES;ações; A; 2002-11-29; 2019-06-13T11
112399; PARIS I FI MULT CRED PRIV IE; Multimercados; A; 2002-11-29; 2019-12-05T16
112410; EVOLUTION FI ACOES IE;ações; A; 2002-12-16; 2019-06-17T17
112461; CANCALE FI ACOES;ações; A; 2002-11-29; 2019-06-27T17
112471; VERDE AM YIELD FI RF DIVIDA EXTERNA; Renda Fixa; A; 2002-11-29; 2019-09-18T12
112887; SUL AMERICA SAP CONCEDIDOS FI RENDA FIXA; Renda Fixa; A; 2002-12-17; 2019-12-11T01
112909; ALM BD FUNDO DE INVESTIMENTO RENDA FIXA; Renda Fixa; A; 2002-12-20; 2017-07-07T11
112968; BB RENDA FIXA REF DI COOPCRED FC FI; Renda Fixa; A; 2003-03-14; 2018-04-20T12
113131; CSHG ESMERALDA FI MULT IE; Multimercados; A; 2002-12-20; 2016-07-25T21
113190; CLARITAS HEDGE FIC FI MULT LONGO PRAZO; Multimercados; A; 2003-03-11; 2018-04-30T12
113212; SAFRA HIGH YIELD FI MULT; Multimercados; A; 2003-03-17; 2019-06-10T19
113220; BRADESCO FI RF ASSURANCE; Renda Fixa; A; 2002-12-20; 2017-11-28T18
113328; ALM POTIGUAR FI RENDA FIXA; Renda Fixa; A; 2003-01-02; 2019-04-23T17
113425; MANCHESTER MULT FI CREDITO PRIVADO; Multimercados; A; 2003-03-18; 2020-01-09T16
113433; CSHG SISTEMA FI MULT CRED PRIV IE; Multimercados; A; 2003-02-13; 2018-09-28T16
113451; FI MULTIMERCADO UNIPREV I; Multimercados; A; 2003-01-30; 2019-10-25T16
113727; WILMA FI MULTIMERCADO CRED PRIV INV EXT; Multimercados; A; 2003-03-18; 2018-04-27T11
113816; BB MULT MULTIGESTOR PRIVATE FC; Multimercados; A; 2003-04-08; 2019-08-21T17
113840; BB MULT MULTIGESTOR ARBITRAG PRIV FC FI; Multimercados; A; 2003-04-10; 2020-03-27T16
114146; ITAU REFERENCIADO DI VIP FICFI; Renda Fixa; A; 2003-04-16; 2019-07-03T17
114189; CSHG VERDE AM PILAR FIC FI MULT; Multimercados; A; 2003-03-21; 2016-08-01T11
114219; CSHG QUANTUM FI MULT CRED PRIV IE; Multimercados; A; 2002-12-30; 2016-07-22T18
114227; CSHG TALASSA FC FI MULT   CRED PRIV IE; Multimercados; A; 2003-01-23; 2018-02-23T09
114618; BB RF REFERENCIADO DI LP CLASSE 200 FC; Renda Fixa; A; 2003-04-22; 2017-05-03T15
114626; SANTANDER FC FI V RF CRED PRIV; PrevidÃªncia; A; 2003-04-28; 2020-02-05T12
114634; SADIA FIQFIE RENDA FIXA; PrevidÃªncia; A; 2003-04-28; 2019-11-01T16
114642; GBM MULTIMERCADO FICFI; Multimercados; A; 2003-04-24; 2019-12-05T16
114715; ICATU SEG CLASSIC FIC FI RENDA FIXA; PrevidÃªncia; A; 2003-04-22; 2019-12-06T19
114731; ICATU VANGUARDA XXXIII FI RF CRED PRIV; Renda Fixa; A; 2003-04-22; 2019-12-06T19
114741; ICATU VANGUARDA XXXIV FI RENDA FIXA; Renda Fixa; A; 2003-04-22; 2019-12-13T16
114766; ICATU VANGUARDA SEG SOBERANO FI RF; Renda Fixa; A; 2003-04-22; 2019-12-09T15
114936; CSHG ALL VERDE AM AGAR FC FI MULT; Multimercados; A; 2003-04-02; 2020-04-01T16
114995; OPPORTUNITY TOTAL FC FI MULTIMERCADO; Multimercados; A; 2003-05-08; 2020-02-10T18
115231; XP TOP CRED PRIV RF FI LP; Renda Fixa; A; 2003-02-18; 2019-04-30T18
115274; ARGOS FIA IE;ações; A; 2003-02-18; 2019-07-02T17
115398; FI BANESTES RESERVA CAPITALIZACAO RF; Renda Fixa; E; 2003-05-16; 2020-08-14T16
115525; BB EXCELENCIA 8 FICFI RENDA FIXA; Renda Fixa; A; 2003-05-15; 2016-07-21T09
115541; BRADESCO PRIME FIC DE FI CAMBIAL DOLAR; Cambial; A; 2003-05-19; 2017-03-27T17
115551; BRADESCO PRIME FIC DE FI RF REF DI; Renda Fixa; A; 2003-05-19; 2017-03-27T17
115568; BRADESCO PRIME FICFI RF MULTI INDICES LP; Renda Fixa; A; 2003-05-20; 2018-05-15T18
115576; BRADESCO PRIME FIC DE FI REF DI PLUS; Renda Fixa; A; 2003-05-19; 2017-02-22T17
115584; BRADESCO PRIME FIC DE FI MULTIMERCADO; Multimercados; A; 2003-05-19; 2018-03-05T10
115592; BRADESCO PRIME FIC DE FI RF PLUS; Renda Fixa; A; 2003-05-19; 2016-08-26T10
115606; BRADESCO PRIME FIC DE FI RF; Renda Fixa; A; 2003-05-19; 2017-02-22T17
115614; BB RF LP PRE IRF-M PRIVATE FC; Renda Fixa; A; 2003-05-21; 2019-11-25T16
115649; ANGRA MULTIMERCADO CREDITO PRIVADO FICFI; Multimercados; A; 2003-05-13; 2019-07-03T17
115665; FLORENCE MULTI CREDITO PRIVADO IE FI; Multimercados; A; 2003-05-15; 2019-11-07T16
115959; SANTANDER PB PORTO MULT CRED PRIV FI; Multimercados; A; 2003-05-29; 2020-06-05T16
115967; BRADESCO H FC FI RF REF DI LP 1.000; Renda Fixa; A; 2003-05-29; 2020-06-05T16
116114; ALKA MULT FICFI CRED PRIV IE; Multimercados; A; 2003-05-27; 2019-07-03T17
116122; WA PONTA VERDE FI RF; Renda Fixa; A; 2003-03-07; 2019-06-11T17
116157; BRADESCO H FI ACOES DIVIDENDOS;ações; A; 2003-02-28; 2019-06-13T11
116319; ITAU YEAR FIX RENDA FIXA FICFI; Renda Fixa; E; 2003-06-02; 2020-03-27T16
116408; UNIBANCO PREVER III FIX 100 FICFI E C RF; PrevidÃªncia; A; 2003-06-13; 2020-04-09T23
116416; UNIBANCO PREVER II RV 30 FIQFIE MULTI; PrevidÃªncia; A; 2003-06-13; 2019-11-01T17
116467; CAIXA FI HERCULES RF; Renda Fixa; A; 2003-04-01; 2018-09-20T16
116531; FC FI MULT CRED PRIV IE CAMPEA; Multimercados; A; 2003-06-20; 2017-08-15T11
116610; SAFRA EXECUTIVE PROFIT FIC FI RENDA FIXA; Renda Fixa; A; 2003-06-16; 2018-09-10T16
116831; SKOPOS BRK FI ACOES;ações; A; 2003-04-02; 2020-08-07T17
116963; BRAM FIA IBOVESPA ATIVO;ações; A; 2003-06-18; 2019-06-13T11
116981; BRAM FIA IBOVESPA;ações; A; 2003-06-18; 2019-08-27T17
117048; CAIXA FIC PREV 100 RF; PrevidÃªncia; A; 2003-06-05; 2019-11-01T16
117072; BRASILPREV FIX ANNUITY FI RF CRED PRIV; PrevidÃªncia; A; 2003-04-04; 2019-11-01T15
117323; ICATU VANGUARDA MARAGOGI RF PREV FI; Renda Fixa; A; 2003-04-17; 2019-06-07T18
117404; FICFI ARIZONA MULT IE; Multimercados; A; 2003-07-02; 2019-04-26T17
117439; ANTARES FI MULTIMERCADO; Multimercados; E; 2003-07-10; 2020-08-05T17
117455; FICFI ASPEN MULT CRED PRIV; Multimercados; A; 2003-07-02; 2018-10-19T16
117668; SAUIPE FI MULT CRED PRIV INVEST NO EXTER; Multimercados; A; 2003-04-25; 2018-09-10T15
117676; UV ABSOLUTO FI MULTI CRED PRIV IE; Multimercados; A; 2003-06-30; 2018-10-29T11
117781; BEM MULTIMERCADO FICFI; Multimercados; A; 2003-04-29; 2016-12-09T15
117854; VERTICE FOF ALOCACAO 90 MULT FICFI; Multimercados; A; 2003-07-08; 2019-07-03T17
117870; ITAU FUND OF FUNDS MULTIGES X MULT FICFI; Multimercados; A; 2003-07-24; 2019-10-31T16
117951; ITAU RF REF DI SOBERANO II FICFI; Renda Fixa; A; 2003-05-15; 2016-12-06T14
118011; TEXTIL MATEC MULTIMERCADO FI; Multimercados; A; 2003-04-30; 2019-08-08T16
118257; MEL FI MULTIMERCADO CRED PRIV IE; Multimercados; A; 2003-05-02; 2017-07-10T17
118311; CHATEAUBRIAND FI RF PREVID; Renda Fixa; A; 2003-07-31; 2019-04-03T17
118435; PORTO SEGURO RF SOBERANO DIAMAN FI PREV; PrevidÃªncia; A; 2001-12-31; 2020-03-03T18
118443; PORTO SEGURO COMPOSTO MULT FIC FI PREV; PrevidÃªncia; A; 2001-12-31; 2020-03-11T00
118451; PORTO SEGURO RF RUBI PREMIUM FICFI PREV; PrevidÃªncia; A; 2001-12-31; 2020-03-09T18
118478; ICATU SEG CLASSIC CONSERV FIC FI RF; PrevidÃªncia; A; 2003-08-06; 2019-12-06T19
118494; MANSFIELD CREDITO PRIVADO MULT IE FI; Multimercados; A; 2003-08-06; 2018-03-20T18
118508; ITAU CAPITAL PERFORMANCE FIX MULT FICFI; Multimercados; A; 2003-08-01; 2018-10-11T17
118516; ITAU PERFORMANCE FIX CRED PRIV RF FI; Renda Fixa; A; 2003-08-01; 2016-03-09T09
118524; SICREDI   FI INVEST RF CP; Renda Fixa; A; 2003-05-13; 2020-05-27T16
118664; BRAD CORPORATE FC DE FI RF; Renda Fixa; A; 2003-08-04; 2020-04-28T16
118672; BRAD CORP FC DE FI RF REFERENCIADO DI; Renda Fixa; A; 2003-08-04; 2020-04-28T16
118680; BRAD CORP FC DE FI RF REF DI FEDE EXTRA; Renda Fixa; A; 2003-08-04; 2020-04-28T16
118702; BRAD CORPORATE FC DE FI CAMBIAL DOLAR; Cambial; A; 2003-08-04; 2020-04-28T16
118761; BTG PACTUAL MULTIST ADV FI MULTIMERCADO; Multimercados; A; 2003-08-01; 2019-01-10T22
118771; BRADESCO PRIME FIC DE FIA IBOVESPA ATIVO;ações; A; 2003-08-04; 2019-06-13T11
118834; FC FI MULT CRED PRIV IE WAFN-2; Multimercados; A; 2003-08-11; 2017-10-05T18
118869; BANFF FICFI MULT IE; Multimercados; A; 2003-08-11; 2016-08-03T15
118931; CSHG DIAMANTE GOULD FI MULT CRED PRIV IE; Multimercados; A; 2003-05-21; 2018-06-29T13
118941; CSHG VERDE AM HIPER FC FI MULT; Multimercados; A; 2003-06-06; 2020-06-30T16
118958; CSHG SAPUCAI FC FI MULT - CRED PRIV IE; Multimercados; A; 2003-05-21; 2020-02-04T17
119008; RODEIO CRED PRIV FC FI MULT IE; Multimercados; A; 2003-05-30; 2019-07-03T17
119024; SICREDI FI CP RESGATE FACIL; Renda Fixa; A; 2003-05-22; 2020-09-10T14
119113; SULAMERICA MIX 20 FI MULTIMERCADO; PrevidÃªncia; A; 2003-05-27; 2019-10-31T18
119121; SULAMERICA MIX 40 FI MULTIMERCADO; PrevidÃªncia; A; 2003-05-27; 2019-10-31T18
119156; CSHG CAPRI FI MULT CRED PRIV IE; Multimercados; A; 2003-05-28; 2016-07-14T09
119199; POLO I FC EM ACOES;ações; A; 2003-05-28; 2020-07-08T16
119369; NEO MULTI ESTRATEGIA FICFI MULTIMERCADO; Multimercados; A; 2003-08-18; 2020-06-02T16
119415; SINERGY PREVIDENCIARIO MULTIMERCADO FI; Multimercados; A; 2003-05-30; 2020-04-01T16
119431; GAVEA MACRO I FC DE FI MULT; Multimercados; A; 2003-08-25; 2019-07-17T16
119474; CAIXA FIC ESPECIAL RF LONGO PRAZO; Renda Fixa; A; 2003-08-25; 2019-06-10T17
119520; FI VAIL MULT CRED PRIV IE; Multimercados; A; 2003-08-21; 2016-08-09T19
119539; VENTURESTAR FI MULTIMERCADO; Multimercados; A; 2003-08-04; 2019-01-28T17
119598; CAIXA FI MASTER III RF; Renda Fixa; A; 2003-08-26; 2018-10-01T18
119628; ALASKA POLAND FI ACOES BDR NIVEL I IE;ações; A; 2003-08-05; 2019-10-03T16
119733; UNICLASS POS LP FICFI RF; Renda Fixa; A; 2003-09-03; 2019-07-03T17
119741; RENDA FIXA LP FC; Renda Fixa; A; 2003-09-03; 2019-07-03T17
119751; UNIBANCO RENDA FIXA LP FI; Renda Fixa; A; 2003-09-03; 2017-09-11T16
119814; ITAU POS RENDA FIXA LONGO PRAZO FI; Renda Fixa; A; 2003-09-03; 2019-07-03T17
119873; SAFRA SMALL CAP FC FI EM ACOES;ações; A; 2003-09-11; 2019-06-18T17
120200; ITAU ANTARES MULT PRS FICFI; Multimercados; A; 2003-09-01; 2019-07-03T17
120219; ITAU RENDA FIXA REF DI PREMIUM - FC FI; Renda Fixa; A; 2003-09-01; 2019-07-03T17
120316; BRAD H FC FI RF REF DI LP FUNCIONARIO; Renda Fixa; A; 2003-07-02; 2017-11-28T18
120472; DBM FI MULTIMERCADO CREDITO PRIVADO IE; Multimercados; A; 2003-09-30; 2019-08-19T17
120545; LIMIAR FI MULT CRED PRIV; Multimercados; A; 2003-09-30; 2020-02-03T16
120561; BB POLO 28 FI RENDA FIXA CURTO PRAZO; Renda Fixa; A; 2003-09-29; 2019-09-23T16
120782; FIQ MULTIMERCADO LAECO; Multimercados; E; 2003-07-11; 2020-04-09T17
120855; BRADESCO FC FI MULT VGBL MODERADO II; PrevidÃªncia; A; 2003-07-11; 2019-11-01T17
120863; BRADESCO FC FI MULT VGBL MODERADO; PrevidÃªncia; A; 2003-07-11; 2019-11-01T18
120871; BRADESCO H FI RF VGBL CONSERVADOR; PrevidÃªncia; A; 2003-07-11; 2019-11-01T16
120898; BRADESCO FC FI MULT VGBL AGRESSIVO; PrevidÃªncia; A; 2003-07-11; 2019-11-01T17
120911; TAL FI MULT CRED PRIV IE; Multimercados; A; 2003-09-08; 2017-04-26T11
120936; CARGILLPREV CD PREV MULTIMERCADO FI; Multimercados; A; 2003-07-11; 2020-03-10T10
121010; SAFRA CAMBIAL SUPER FIC FI; Cambial; A; 2003-10-08; 2019-11-27T16
121118; CAIXA FIC SELECAO RF; Renda Fixa; A; 2003-10-01; 2018-09-25T15
121126; CAIXA FIC PREFERENCIAL RF REF DI LP; Renda Fixa; A; 2003-10-01; 2018-09-25T15
121177; CAIXA FI MASTER CONSERVADOR RF REF DI LP; Renda Fixa; A; 2003-10-01; 2018-10-04T18
121241; CAIXA FI ACOES DIVIDENDOS;ações; A; 2003-10-03; 2019-06-18T17
121363; IPOJUCA FI RF; Renda Fixa; A; 2003-10-22; 2020-04-07T16
121381; SULAMERCIA MIX 49 I FI MULTIMERCADO; PrevidÃªncia; A; 2003-09-26; 2019-11-01T16
121401; THOMPSON FC FI MULT - CRED PRIV  IE; Multimercados; A; 2003-08-29; 2016-07-25T21
121568; CSHG ALL VERDE 30 FC FI MULT; Multimercados; A; 2003-10-15; 2020-03-16T17
121721; MINASCOOP FI RF CREDITO PRIVADO; Renda Fixa; A; 2003-10-27; 2020-05-12T16
121819; ICATU VANGUARDA RENDA FIXA FI PLUS LP; Renda Fixa; A; 2003-11-03; 2019-12-30T15
121908; ITAU SELECAO ACOES FC;ações; A; 2003-10-24; 2019-06-13T14
121940; BB MULT MULTIGESTOR MACRO PRIVATE FC; Multimercados; A; 2003-11-07; 2019-01-10T15
122017; WA MULTITRADING ADV GLOBAL FC FI MULT; Multimercados; A; 2003-11-12; 2020-06-12T16
122025; WA MULTITRADING ADV TOP FIC FI MULTI; Multimercados; A; 2003-11-12; 2018-12-14T09
122033; WA MULTITRADING PLUS FIC FI MULT; Multimercados; A; 2003-11-12; 2018-12-14T09
122041; WESTERN ASSET MULTITRADING H MULTI FI; Multimercados; A; 2003-11-12; 2019-10-14T16
122076; WA DINAMICO FUNDO DE INVESTIMENTO MULT; Multimercados; A; 2003-11-12; 2020-03-11T12
122114; WA MULTITRADING TOP FIC FI MULT; Multimercados; A; 2003-11-17; 2018-12-14T09
122157; BRAD PRIVATE FICFI RF REF DI PORTIFOLIO; Renda Fixa; A; 2003-11-14; 2019-09-19T12
122203; FAPA SENIOR FI MULT; Multimercados; A; 2003-08-21; 2019-04-03T17
122246; PALES MULTIMERCADO FUNDO DE INVESTIMENTO; Multimercados; A; 2003-11-10; 2019-07-03T17
122289; MASTER FC FI RF REF DI; Renda Fixa; A; 2003-11-20; 2019-07-02T17
122361; SANTANDER FIC FI MULTIESTRATEGIA MULT; Multimercados; A; 2003-11-24; 2020-01-29T16
122378; BRAM FIA;ações; A; 2003-08-25; 2019-06-13T11
122424; BNP PARIBAS YIELD CLASSIQUE FI MULT LP; Multimercados; A; 2003-11-17; 2018-12-11T16
122548; BB POLO 27 FI RF; Renda Fixa; A; 2003-11-26; 2016-03-31T10
122572; CARGILLPREV BD PREV RENDA FIXA FI; Renda Fixa; A; 2003-11-14; 2019-07-02T17
122653; BRADESCO H FI RF CURTO PRAZO; Renda Fixa; A; 2003-11-28; 2018-05-10T18
122726; LAWTON MULT EXCLUSIVO FI CRED PRIV; Multimercados; A; 2003-09-22; 2019-07-03T17
122734; ATACAMA MULTIMERCADO FI; Multimercados; A; 2003-11-24; 2018-05-16T11
122841; SUL AMERICA GUAXUMA FI RF; Renda Fixa; A; 2003-09-11; 2017-10-03T17
122939; BNPP Vitoria FC FI Mult Cred Priv IE; Multimercados; A; 2003-12-09; 2019-10-04T17
122998; ARES MULT FC FI  - IE; Multimercados; A; 2003-09-18; 2020-06-05T16
123021; ITAU SELECAO ACOES FICFI;ações; A; 2003-10-24; 2019-07-03T17
123048; FCOPEL FUNDO DE INVESTIMENTO EM ACOES II;ações; A; 2003-09-17; 2019-05-28T17
123226; BB MULT MACRO LP FC; Multimercados; A; 2003-12-08; 2019-08-16T17
123234; BB RF REF DI PLUS AGIL FC; Renda Fixa; A; 2003-12-09; 2019-11-05T16
123242; BB RENDA FIXA REF DI LP PLUS ESTILO FC; Renda Fixa; E; 2003-12-08; 2019-12-09T15
123439; ARX TARGET ICATU PREV FC FI MULT; PrevidÃªncia; A; 2003-12-26; 2019-11-01T16
123498; BANCO DO NORDESTE FMP FGTS VALE RIO DOCE;ações; A; 2003-10-08; 2018-08-27T12
123501; BANCO DO NORDESTE FMP FGTS PETROBRAS;ações; A; 2003-10-08; 2018-08-27T12
123544; ITAU MULTIESTRATEGIA MULTIMERCADO FI; Multimercados; A; 2003-12-22; 2019-07-02T17
123633; BB CARTEIRA LIVRE I FI ACOES;ações; E; 2003-10-08; 2020-05-04T16
123641; LESSA MULTIMERCADO CREDITO PRIVADO FI; Multimercados; A; 2003-10-10; 2016-08-10T10
123676; ITAU FLEXPREV PLUS V20 MULT FICFI; PrevidÃªncia; A; 2003-10-16; 2019-11-01T17
123838; BRASILPREV MULT MULTIESTRATEGIA I FC; PrevidÃªncia; A; 2004-01-05; 2019-11-01T15
123846; BRASILPREV MULT MULTIESTRATEGIA II FC; PrevidÃªncia; A; 2004-01-05; 2019-11-01T15
124036; BRADESCO FIC MULTIMERCADO PGBL V30 15; PrevidÃªncia; A; 2004-01-02; 2019-11-01T17
124044; BRADESCO FIC MULTIMERCADO PGBL V40 15; PrevidÃªncia; A; 2004-01-02; 2019-11-01T18
124052; BRADESCO FIC MULTIMERCADO PGBL V15 15; PrevidÃªncia; A; 2004-01-02; 2019-11-01T16
124230; STAR MULTIMERCADO CRED PRIV IE FI; Multimercados; A; 2003-10-24; 2016-08-01T11
124419; EGEON PREVIDENCIARIO MULTIMERCADO FI; Multimercados; A; 2004-01-27; 2019-11-08T12
124631; ITAU FAPI CONSERVADOR; PrevidÃªncia; A; 2003-11-07; 2019-11-01T17
124826; SANTANDER FICFI MASTER FUNCESP RF REF DI; Renda Fixa; A; 2004-02-05; 2018-01-09T15
124877; MONGERAL AEGON RF PREVIDENCIA FC FI; PrevidÃªncia; A; 2004-02-05; 2019-11-01T16
124893; BNP PARIBAS FF ALM A FI RF; Renda Fixa; A; 2004-02-16; 2020-08-27T16
124931; ITAU EXCELENCIA SOCIAL ACOES FI;ações; A; 2004-02-03; 2020-01-09T16
124941; CSHG FIGUEIRA FI MULT CRED PRIV IE; Multimercados; A; 2003-12-04; 2019-12-11T01
125156; ITAU FLEXPREV I V40 MULT FICFI; PrevidÃªncia; A; 2004-02-09; 2019-11-01T16
125342; ITAU UNIB  CANTAR  FI MULT CRED PRIV IE; Multimercados; A; 2004-01-21; 2019-07-03T17
125377; SET CAPITAL FIA;ações; A; 2004-02-03; 2020-03-27T16
125466; BTGP ACCESS BALANCEADO FIC FI MULT; Multimercados; A; 2004-02-20; 2019-12-16T15
125571; BNB ESPECIAL FIC FI RENDA FIXA REF DI; Renda Fixa; A; 2003-12-05; 2020-03-05T18
125611; ETNA FIA;ações; A; 2004-03-04; 2015-10-03T13
125784; ITAUPREV PREVISAO RF FICFI; PrevidÃªncia; A; 2003-12-23; 2019-12-09T15
125891; CARTEIRA PRIV 176 MULT CRED PRIV IE FI; Multimercados; A; 2004-03-26; 2019-07-03T17
125970; CA INDOSUEZ BETON FIC FI MULTIMERCADO; Multimercados; A; 2003-12-31; 2020-06-08T16
125997; CAIXA FI APEX BRASIL RF LONGO PRAZO; Renda Fixa; A; 2004-03-08; 2020-03-25T16
126039; FI NETUNO MULT PREVIDENCIARIO CRED PRIV; Multimercados; A; 2004-01-02; 2018-05-16T11
126251; DAYCOVAL MULTIFUNDS FIQFI MULTIMERCADO; Multimercados; A; 2004-02-18; 2018-04-19T18
126276; BRADESCO PRIME FIC FI RF REF DI SPECIAL; Renda Fixa; A; 2004-04-01; 2016-08-08T19
126391; SAFRA EXECUTIVE CORPORATE RF FC FI; Renda Fixa; A; 2004-01-14; 2019-11-08T16
126421; BRADESCO PRIME FIC DE FI RF SPECIAL; Renda Fixa; A; 2004-04-01; 2017-02-22T17
126438; BRADESCO FIC DE FI RF REF DI TOPAZIO; Renda Fixa; A; 2004-04-01; 2016-07-25T19
126446; BRADESCO PRIME FC FI RF CURTO PRAZO; Renda Fixa; A; 2004-04-01; 2018-06-01T16
126454; BRAM FI RF CURTO PRAZO; Renda Fixa; A; 2004-04-01; 2018-06-05T19
126527; ITAU FLEXPREV PLUS V40 MULTI FICFI; PrevidÃªncia; A; 2004-01-14; 2019-11-01T17
126535; ITAU FLEXPREV PLUS V10 MULT FICFI; PrevidÃªncia; A; 2004-01-16; 2019-11-01T17
127035; SUL AMERICA CP53 FICFI MULTIMERCADO; Multimercados; A; 2004-02-04; 2019-05-17T16
127231; WA ALLOCATION 2 FIC DE FI MULTIMERCADO; Multimercados; A; 2004-05-10; 2018-12-14T09
127345; WA ALLOCATION 4 FIC DE FI MULTIMERCADO; Multimercados; E; 2004-05-13; 2020-03-12T17
127353; WA ALLOCATION 3 FIC DE FI MULTIMERCADO; Multimercados; A; 2004-05-13; 2018-12-14T09
127442; WA ALLOCATION 1 FIC DE FI MULTIMERCADO; Multimercados; A; 2004-05-17; 2018-12-14T09
127515; BB BESC RENDA FIXA PRATICO CRED PRIV FI; Renda Fixa; A; 2004-05-03; 2018-05-09T20
127531; ITAU ACOES SMALL CAP FC;ações; A; 2004-05-18; 2019-07-03T17
127541; UNIBANCO CLASSE MUNDIAL ACOES FICFI;ações; A; 2004-05-18; 2019-07-03T17
127558; ICATU VANGUARDA ACOES IBX FI;ações; A; 2004-05-18; 2019-10-01T16
127647; BRADESCO H FC FI RF LP 1.000; Renda Fixa; A; 2004-05-20; 2018-05-10T18
127787; SAFRA SELECTION FC FIA;ações; A; 2004-05-18; 2019-06-10T17
127876; BRAM FI MULTIMERCADO MACRO 22; Multimercados; A; 2004-05-31; 2018-03-05T10
127884; BRAD PRIME FIC FI MULTI MULTI ALLOCATION; Multimercados; A; 2004-05-31; 2018-03-07T11
127981; ITAU RF CRED PRIV MASTER ACTIVE FIX FI; Renda Fixa; A; 2004-05-26; 2019-07-03T17
128007; ITAU ACE DIVIDENDOS ACOES FICFI;ações; A; 2004-05-24; 2019-07-03T17
128015; DAYCOVAL EXPERT FI MULT CRED PRIV; Multimercados; A; 2004-05-19; 2020-04-30T16
128031; SANTANDER FI BALTICO I MULTIMERCADO; Multimercados; A; 2004-06-01; 2020-03-09T11
128066; SUL AMERICA AQUA FI MULT CRED PRIV; Multimercados; A; 2004-05-31; 2020-03-09T12
128074; BB TOP RENDA FIXA CP FI; Renda Fixa; A; 2004-03-05; 2017-05-11T17
128211; BB SEG RENDA FIXA FI; Renda Fixa; A; 2004-06-08; 2017-06-19T12
128392; FIC DE FI ROMA MULTIMERCADO; Multimercados; A; 2004-06-15; 2016-08-03T15
128635; MARBELLA FI RF CRED PRIV; Renda Fixa; A; 2004-06-23; 2019-03-20T16
128767; SANTANDER FC FI MCA MULTIMERCADO; Multimercados; A; 2004-06-28; 2020-03-06T18
128813; SANTANDER FC FI AGRESSIVO MULTIMERCADO; Multimercados; A; 2004-06-28; 2020-03-06T18
128848; TENIS MULTIMERCADO FICFI; Multimercados; A; 2004-06-09; 2019-07-22T16
128872; IPORT MULTI FC FI MULTIMERCADO; Multimercados; A; 2004-04-26; 2019-07-05T15
128937; CAIXA FI FAPECE RF; Renda Fixa; A; 2004-06-23; 2019-09-06T17
128988; SANTANDER FIC FI CONSERVADOR RENDA FIXA; Renda Fixa; A; 2004-07-02; 2019-12-05T16
129100; BRESSER ACOES FIC DE FI EM ACOES;ações; A; 2004-04-14; 2019-05-31T11
129161; CSHG SIGMA FC FI MULT IE; Multimercados; A; 2004-05-06; 2020-03-06T17
129178; CSHG SETE CRAVOS FCFI MULT-CRED PRIV IE; Multimercados; A; 2004-05-05; 2019-12-02T17
129194; CSHG BROW FI MULT CRED PRIV IE; Multimercados; A; 2004-04-15; 2019-08-29T17
129550; ITAU PRIVATE MULTI ACOES FICFI;ações; A; 2004-06-29; 2019-07-03T17
129577; SABESPREV VMB FI RF; Renda Fixa; A; 2004-07-21; 2019-07-03T17
129615; PB II FICFI MULT CRED PRIV IE; Multimercados; A; 2004-07-19; 2018-06-26T17
